Timestamp,User Count,Type,Name,Requests/s,Failures/s,50%,66%,75%,80%,90%,95%,98%,99%,99.9%,99.99%,100%,Total Request Count,Total Failure Count,Total Median Response Time,Total Average Response Time,Total Min Response Time,Total Max Response Time,Total Average Content Size
1774037828,0,,Aggregated,0.000000,0.000000,N/A,N/A,N/A,N/A,N/A,N/A,N/A,N/A,N/A,N/A,N/A,0,0,0,0.0,0,0,0
1774037829,10,,Aggregated,0.000000,0.000000,N/A,N/A,N/A,N/A,N/A,N/A,N/A,N/A,N/A,N/A,N/A,0,0,0,0.0,0,0,0
1774037830,10,,Aggregated,0.000000,0.000000,N/A,N/A,N/A,N/A,N/A,N/A,N/A,N/A,N/A,N/A,N/A,0,0,0,0.0,0,0,0
1774037831,10,,Aggregated,0.000000,0.000000,N/A,N/A,N/A,N/A,N/A,N/A,N/A,N/A,N/A,N/A,N/A,0,0,0,0.0,0,0,0
1774037832,10,,Aggregated,0.000000,0.000000,N/A,N/A,N/A,N/A,N/A,N/A,N/A,N/A,N/A,N/A,N/A,0,0,0,0.0,0,0,0
1774037833,10,,Aggregated,0.000000,0.000000,200,200,200,200,210,210,210,210,210,210,210,8,0,200.0,184.37564250012883,135.71066600025006,206.23553600034938,0.0
1774037834,10,,Aggregated,0.000000,0.000000,210,280,330,370,380,390,410,410,410,410,410,25,0,210.0,239.10377608006456,110.93738899990058,408.26900100000785,0.0
1774037835,10,,Aggregated,0.000000,0.000000,190,210,240,290,370,380,410,410,410,410,410,49,0,190.0,165.33112773471916,2.189486000133911,408.26900100000785,0.0
1774037836,10,,Aggregated,2.500000,0.000000,12,200,220,240,330,370,390,410,410,410,410,74,0,10,122.03240235137585,2.189486000133911,408.26900100000785,0.0
1774037837,10,,Aggregated,5.571429,0.000000,8,130,200,210,290,370,380,390,410,410,410,102,0,7,89.97744889217631,2.034220000041387,408.26900100000785,0.0
1774037838,10,,Aggregated,7.625000,0.000000,7,9,140,200,270,360,380,390,410,410,410,131,0,7,71.27761802292103,2.034220000041387,408.26900100000785,0.0
1774037839,10,,Aggregated,10.000000,0.000000,6,9,12,140,240,330,370,390,410,410,410,160,0,6,59.55818516876832,2.034220000041387,408.26900100000785,0.0
1774037840,10,,Aggregated,12.000000,0.000000,6,8,10,15,220,300,370,390,410,410,410,187,0,6,51.78930826739203,2.034220000041387,408.26900100000785,0.0
1774037841,10,,Aggregated,14.900000,0.000000,6,8,9,11,210,290,370,380,410,410,410,218,0,6,45.161696793588355,2.034220000041387,408.26900100000785,0.0
1774037842,10,,Aggregated,17.100000,0.000000,6,7,9,10,200,280,370,380,410,410,410,246,0,6,40.60819588212917,1.9862789999933739,408.26900100000785,0.0
1774037843,10,,Aggregated,20.300000,0.000000,5,7,8,9,190,270,370,380,410,410,410,275,0,5,36.88744456001421,1.9862789999933739,408.26900100000785,0.0
1774037844,10,,Aggregated,23.300000,0.000000,5,7,8,9,140,240,360,370,410,410,410,305,0,5,33.735120865593835,1.9862789999933739,408.26900100000785,0.0
1774037845,10,,Aggregated,25.800000,0.000000,5,7,8,9,140,230,360,370,410,410,410,333,0,5,31.29807554055592,1.9862789999933739,408.26900100000785,0.0
1774037846,10,,Aggregated,27.500000,0.000000,5,7,8,9,25,220,330,370,410,410,410,363,0,5,29.079036055115537,1.9862789999933739,408.26900100000785,0.0
1774037847,10,,Aggregated,28.000000,0.000000,5,7,8,9,15,210,330,370,410,410,410,392,0,5,27.296485969410075,1.9862789999933739,408.26900100000785,0.0
1774037848,10,,Aggregated,28.600000,0.000000,5,7,8,8,14,210,330,370,410,410,410,420,0,5,25.824108573828024,1.9862789999933739,408.26900100000785,0.0
1774037849,10,,Aggregated,28.900000,0.000000,5,6,7,8,12,200,330,370,410,410,410,445,0,5,24.61648304495693,1.9862789999933739,408.26900100000785,0.0
1774037850,10,,Aggregated,28.600000,0.000000,5,6,7,8,12,200,300,370,410,410,410,475,0,5,23.39506419369699,1.9862789999933739,408.26900100000785,0.0
1774037851,10,,Aggregated,28.300000,0.000000,5,6,7,8,11,200,290,370,410,410,410,504,0,5,22.410048488106824,1.9394719997762877,408.26900100000785,0.0
1774037852,10,,Aggregated,29.000000,0.000000,5,6,7,8,11,200,290,370,410,410,410,535,0,5,21.429309514030912,1.9394719997762877,408.26900100000785,0.0
1774037853,10,,Aggregated,28.500000,0.000000,5,6,7,8,11,170,290,370,410,410,410,562,0,5,20.685903297166714,1.9394719997762877,408.26900100000785,0.0
1774037854,10,,Aggregated,28.600000,0.000000,5,6,7,8,11,150,290,370,410,410,410,589,0,5,19.960565723269983,1.9394719997762877,408.26900100000785,0.0
1774037855,10,,Aggregated,28.800000,0.000000,5,6,7,8,11,140,280,360,410,410,410,617,0,5,19.332426949765324,1.9394719997762877,408.26900100000785,0.0
1774037856,10,,Aggregated,28.500000,0.000000,5,6,7,8,11,140,280,360,410,410,410,647,0,5,18.69092259815555,1.9394719997762877,408.26900100000785,0.0
1774037857,10,,Aggregated,28.500000,0.000000,5,6,7,8,10,140,270,360,410,410,410,676,0,5,18.082828874269758,1.9394719997762877,408.26900100000785,0.0
1774037858,10,,Aggregated,28.600000,0.000000,5,6,7,8,10,110,240,330,410,410,410,705,0,5,17.537026463840267,1.9394719997762877,408.26900100000785,0.0
1774037859,10,,Aggregated,28.100000,0.000000,5,6,7,8,10,25,240,330,410,410,410,733,0,5,17.09576416917456,1.9394719997762877,408.26900100000785,0.0
1774037860,10,,Aggregated,28.400000,0.000000,5,6,7,8,10,22,240,330,410,410,410,760,0,5,16.65454827500765,1.9394719997762877,408.26900100000785,0.0
1774037861,10,,Aggregated,28.700000,0.000000,5,6,7,8,10,18,240,330,410,410,410,789,0,5,16.207366827638122,1.9394719997762877,408.26900100000785,0.0
1774037862,10,,Aggregated,28.700000,0.000000,5,6,7,8,10,21,230,330,410,410,410,818,0,5,15.861206393651905,1.9394719997762877,408.26900100000785,0.0
1774037863,10,,Aggregated,28.700000,0.000000,5,6,7,8,10,16,230,330,410,410,410,845,0,5,15.533244244980084,1.9394719997762877,408.26900100000785,0.0
1774037864,10,,Aggregated,28.200000,0.000000,5,6,7,8,10,16,230,330,410,410,410,873,0,5,15.213512894626728,1.9394719997762877,408.26900100000785,0.0
1774037865,10,,Aggregated,28.500000,0.000000,5,6,7,8,10,14,220,300,410,410,410,903,0,5,14.85867427908078,1.9394719997762877,408.26900100000785,0.0
1774037866,10,,Aggregated,28.300000,0.000000,5,6,7,8,10,17,220,300,410,410,410,928,0,5,14.768718864235195,1.9394719997762877,408.26900100000785,0.0
1774037867,10,,Aggregated,28.400000,0.000000,5,6,7,8,10,16,210,300,410,410,410,955,0,5,14.512888592681707,1.9394719997762877,408.26900100000785,0.0
1774037868,10,,Aggregated,28.300000,0.000000,5,6,7,8,10,15,210,300,410,410,410,986,0,5,14.217807908732462,1.9394719997762877,408.26900100000785,0.0
1774037869,10,,Aggregated,28.100000,0.000000,5,6,7,8,10,14,210,290,390,410,410,1014,0,5,13.958474846164542,1.9394719997762877,408.26900100000785,0.0
1774037870,10,,Aggregated,28.100000,0.000000,5,6,7,8,10,14,210,290,390,410,410,1041,0,5,13.724086990403627,1.9394719997762877,408.26900100000785,0.0
1774037871,10,,Aggregated,28.200000,0.000000,5,6,7,8,10,14,210,290,390,410,410,1070,0,5,13.503410489728399,1.9394719997762877,408.26900100000785,0.0
1774037872,10,,Aggregated,27.800000,0.000000,5,6,7,8,10,14,210,290,390,410,410,1098,0,5,13.285721988169895,1.9394719997762877,408.26900100000785,0.0
1774037873,10,,Aggregated,28.100000,0.000000,5,6,7,8,10,14,200,290,390,410,410,1128,0,5,13.047560796995956,1.9394719997762877,408.26900100000785,0.0
1774037874,10,,Aggregated,28.100000,0.000000,5,6,7,8,10,14,200,290,390,410,410,1158,0,5,12.84300020381049,1.9394719997762877,408.26900100000785,0.0
1774037875,10,,Aggregated,28.100000,0.000000,5,6,7,8,10,13,200,290,390,410,410,1185,0,5,12.667697464145743,1.9394719997762877,408.26900100000785,0.0
1774037876,10,,Aggregated,28.400000,0.000000,5,6,7,8,10,13,200,280,390,410,410,1214,0,5,12.481039722414453,1.9394719997762877,408.26900100000785,0.0
1774037877,10,,Aggregated,28.300000,0.000000,5,6,7,8,10,13,200,280,390,410,410,1239,0,5,12.338443898314248,1.9000120000782772,408.26900100000785,0.0
1774037878,10,,Aggregated,28.300000,0.000000,5,6,7,8,9,13,200,280,390,410,410,1269,0,5,12.159257410568685,1.9000120000782772,408.26900100000785,0.0
1774037879,10,,Aggregated,28.600000,0.000000,5,6,7,8,9,12,200,280,390,410,410,1298,0,5,12.017666811256436,1.9000120000782772,408.26900100000785,0.0
1774037880,10,,Aggregated,28.100000,0.000000,5,6,7,8,9,12,200,270,390,410,410,1324,0,5,11.919603064963496,1.9000120000782772,408.26900100000785,0.0
1774037881,10,,Aggregated,28.100000,0.000000,5,6,7,8,10,13,190,270,390,410,410,1353,0,5,11.845051896534944,1.9000120000782772,408.26900100000785,0.0
1774037882,10,,Aggregated,28.200000,0.000000,5,6,7,8,10,13,190,270,390,410,410,1382,0,5,11.766003623017909,1.9000120000782772,408.26900100000785,0.0
1774037883,10,,Aggregated,28.000000,0.000000,5,6,7,8,10,13,170,240,390,410,410,1408,0,5,11.66032683665528,1.9000120000782772,408.26900100000785,0.0
1774037884,10,,Aggregated,28.500000,0.000000,5,6,7,8,10,13,170,240,390,410,410,1436,0,5,11.522916339840384,1.9000120000782772,408.26900100000785,0.0
1774037885,10,,Aggregated,28.000000,0.000000,5,6,7,8,10,13,150,240,390,410,410,1463,0,5,11.432204357492665,1.9000120000782772,408.26900100000785,0.0
1774037886,10,,Aggregated,27.900000,0.000000,5,6,7,8,10,13,150,240,390,410,410,1491,0,5,11.31622602884808,1.9000120000782772,408.26900100000785,0.0
1774037887,10,,Aggregated,27.800000,0.000000,5,6,7,8,10,12,140,240,390,410,410,1523,0,5,11.1901160065748,1.9000120000782772,408.26900100000785,0.0
1774037888,10,,Aggregated,27.800000,0.000000,5,6,7,8,10,12,140,240,390,410,410,1551,0,5,11.095423364935094,1.9000120000782772,408.26900100000785,0.0
1774037889,10,,Aggregated,27.900000,0.000000,5,6,7,8,10,12,140,240,390,410,410,1576,0,5,10.996575049501773,1.9000120000782772,408.26900100000785,0.0
1774037890,10,,Aggregated,28.200000,0.000000,5,6,7,8,10,12,140,230,390,410,410,1605,0,5,10.898695143311395,1.9000120000782772,408.26900100000785,0.0
1774037891,10,,Aggregated,28.100000,0.000000,5,6,7,8,10,12,140,230,390,410,410,1635,0,5,10.8103409217208,1.9000120000782772,408.26900100000785,0.0
1774037892,10,,Aggregated,28.100000,0.000000,5,6,7,8,10,13,140,230,390,410,410,1664,0,5,10.824476568518985,1.9000120000782772,408.26900100000785,0.0
1774037893,10,,Aggregated,28.100000,0.000000,5,6,7,8,10,13,140,230,390,410,410,1693,0,5,10.78226939575583,1.9000120000782772,408.26900100000785,0.0
1774037894,10,,Aggregated,28.100000,0.000000,5,6,7,8,10,13,130,230,390,410,410,1722,0,5,10.682053753783565,1.9000120000782772,408.26900100000785,0.0
1774037895,10,,Aggregated,28.300000,0.000000,5,6,7,8,10,13,130,230,390,410,410,1751,0,5,10.600247371224103,1.9000120000782772,408.26900100000785,0.0
1774037896,10,,Aggregated,28.300000,0.000000,5,6,7,8,10,13,130,230,390,410,410,1779,0,5,10.526610042166613,1.9000120000782772,408.26900100000785,0.0
1774037897,10,,Aggregated,28.400000,0.000000,5,6,7,8,10,12,110,220,390,410,410,1809,0,5,10.444465920957592,1.9000120000782772,408.26900100000785,0.0
1774037898,10,,Aggregated,28.600000,0.000000,5,6,7,8,10,12,110,220,390,410,410,1837,0,5,10.355708758308234,1.9000120000782772,408.26900100000785,0.0
1774037899,10,,Aggregated,28.500000,0.000000,5,6,7,8,10,12,71,220,390,410,410,1863,0,5,10.279198795498065,1.9000120000782772,408.26900100000785,0.0
1774037900,10,,Aggregated,28.700000,0.000000,5,6,7,8,10,12,71,220,390,410,410,1892,0,5,10.201236118929387,1.9000120000782772,408.26900100000785,0.0
1774037901,10,,Aggregated,28.400000,0.000000,5,6,7,8,10,12,69,210,390,410,410,1923,0,5,10.106876587111165,1.9000120000782772,408.26900100000785,0.0
1774037902,10,,Aggregated,28.800000,0.000000,5,6,7,8,9,12,69,210,390,410,410,1949,0,5,10.029988028227303,1.9000120000782772,408.26900100000785,0.0
1774037903,10,,Aggregated,28.700000,0.000000,5,6,7,8,9,12,56,210,390,410,410,1979,0,5,9.961597283988711,1.9000120000782772,408.26900100000785,0.0
1774037904,10,,Aggregated,28.400000,0.000000,5,6,7,8,9,12,47,210,380,410,410,2007,0,5,9.894644726464675,1.9000120000782772,408.26900100000785,0.0
1774037905,10,,Aggregated,28.800000,0.000000,5,6,7,8,9,12,47,210,380,410,410,2033,0,5,9.844011112648408,1.9000120000782772,408.26900100000785,0.0
1774037906,10,,Aggregated,28.700000,0.000000,5,6,7,8,9,12,45,210,380,410,410,2061,0,5,9.773560089283583,1.9000120000782772,408.26900100000785,0.0
1774037907,10,,Aggregated,28.500000,0.000000,5,6,7,8,9,12,45,210,380,410,410,2088,0,5,9.715978093875664,1.9000120000782772,408.26900100000785,0.0
1774037908,10,,Aggregated,28.200000,0.000000,5,6,7,8,9,12,34,210,380,410,410,2113,0,5,9.656282150976043,1.9000120000782772,408.26900100000785,0.0
1774037909,10,,Aggregated,28.000000,0.000000,5,6,7,8,9,12,34,210,380,410,410,2141,0,5,9.589631599257679,1.9000120000782772,408.26900100000785,0.0
1774037910,10,,Aggregated,27.700000,0.000000,5,6,7,8,9,12,33,210,380,410,410,2168,0,5,9.542974423898217,1.9000120000782772,408.26900100000785,0.0
1774037911,10,,Aggregated,27.700000,0.000000,5,6,7,8,9,12,33,210,380,410,410,2198,0,5,9.51168923976859,1.9000120000782772,408.26900100000785,0.0
1774037912,10,,Aggregated,27.400000,0.000000,5,6,7,8,9,12,27,200,380,410,410,2224,0,5,9.456048401084518,1.9000120000782772,408.26900100000785,0.0
1774037913,10,,Aggregated,27.500000,0.000000,5,6,7,8,9,12,26,200,380,410,410,2255,0,5,9.405432552111941,1.9000120000782772,408.26900100000785,0.0
1774037914,10,,Aggregated,27.700000,0.000000,5,6,7,8,9,12,26,200,380,410,410,2282,0,5,9.359075855395893,1.9000120000782772,408.26900100000785,0.0
1774037915,10,,Aggregated,27.400000,0.000000,5,6,7,8,9,12,26,200,380,410,410,2312,0,5,9.294783698102624,1.9000120000782772,408.26900100000785,0.0
1774037916,10,,Aggregated,27.400000,0.000000,5,6,7,8,9,12,26,200,380,410,410,2338,0,5,9.246893282725232,1.9000120000782772,408.26900100000785,0.0
1774037917,10,,Aggregated,27.500000,0.000000,5,6,7,8,9,12,25,200,380,410,410,2365,0,5,9.193120222415164,1.9000120000782772,408.26900100000785,0.0
1774037918,10,,Aggregated,27.800000,0.000000,5,6,7,8,9,12,25,200,380,410,410,2393,0,5,9.149682902637966,1.9000120000782772,408.26900100000785,0.0
1774037919,10,,Aggregated,27.600000,0.000000,5,6,7,8,9,12,24,200,380,410,410,2421,0,5,9.103837371752435,1.9000120000782772,408.26900100000785,0.0
1774037920,10,,Aggregated,27.700000,0.000000,5,6,7,8,9,12,24,200,380,410,410,2450,0,5,9.070885840005479,1.9000120000782772,408.26900100000785,0.0
1774037921,10,,Aggregated,27.800000,0.000000,5,6,7,8,9,12,24,200,380,410,410,2476,0,5,9.048664250812774,1.9000120000782772,408.26900100000785,0.0
1774037922,10,,Aggregated,27.900000,0.000000,5,6,7,8,9,12,23,200,380,410,410,2502,0,5,9.014274919269551,1.9000120000782772,408.26900100000785,0.0
1774037923,10,,Aggregated,28.000000,0.000000,5,6,7,8,9,12,24,200,380,410,410,2531,0,5,9.00340878349012,1.9000120000782772,408.26900100000785,0.0
1774037924,10,,Aggregated,27.600000,0.000000,5,6,7,8,9,12,24,200,380,410,410,2556,0,5,8.95816665102253,1.9000120000782772,408.26900100000785,0.0
1774037925,10,,Aggregated,27.500000,0.000000,5,6,7,8,9,12,24,200,380,410,410,2586,0,5,8.919466206115644,1.9000120000782772,408.26900100000785,0.0
1774037926,10,,Aggregated,27.300000,0.000000,5,6,7,8,9,12,23,200,380,410,410,2612,0,5,8.893584513405594,1.9000120000782772,408.26900100000785,0.0
1774037927,10,,Aggregated,27.100000,0.000000,5,6,7,8,9,12,23,200,380,410,410,2641,0,5,8.85537883378123,1.9000120000782772,408.26900100000785,0.0
1774037928,10,,Aggregated,27.100000,0.000000,5,6,7,8,9,12,22,200,380,410,410,2669,0,5,8.813287127769755,1.9000120000782772,408.26900100000785,0.0
1774037929,10,,Aggregated,27.400000,0.000000,5,6,7,8,9,12,22,200,380,410,410,2697,0,5,8.789144017433467,1.9000120000782772,408.26900100000785,0.0
1774037930,10,,Aggregated,27.400000,0.000000,5,6,7,8,9,12,22,190,380,410,410,2728,0,5,8.751447267235818,1.9000120000782772,408.26900100000785,0.0
1774037931,10,,Aggregated,27.700000,0.000000,5,6,7,8,9,12,22,190,380,410,410,2757,0,5,8.699637402618695,1.9000120000782772,408.26900100000785,0.0
1774037932,10,,Aggregated,27.800000,0.000000,5,6,7,8,9,12,22,190,380,410,410,2784,0,5,8.671427233843357,1.9000120000782772,408.26900100000785,0.0
1774037933,10,,Aggregated,27.800000,0.000000,5,6,7,7,9,12,21,170,380,410,410,2813,0,5,8.62962373587621,1.9000120000782772,408.26900100000785,0.0
1774037934,10,,Aggregated,28.100000,0.000000,5,6,7,7,9,12,21,170,380,410,410,2838,0,5,8.593625148351583,1.9000120000782772,408.26900100000785,0.0
1774037935,10,,Aggregated,28.200000,0.000000,5,6,7,7,9,12,21,170,380,410,410,2870,0,5,8.55623369303899,1.9000120000782772,408.26900100000785,0.0
1774037936,10,,Aggregated,28.200000,0.000000,5,6,7,7,9,12,21,170,380,410,410,2898,0,5,8.535432869227355,1.9000120000782772,408.26900100000785,0.0
1774037937,10,,Aggregated,28.500000,0.000000,5,6,7,7,9,12,21,150,380,410,410,2925,0,5,8.498334878981211,1.9000120000782772,408.26900100000785,0.0
1774037938,10,,Aggregated,28.300000,0.000000,5,6,7,7,9,12,20,150,380,410,410,2953,0,5,8.470428861841562,1.9000120000782772,408.26900100000785,0.0
1774037939,10,,Aggregated,28.700000,0.000000,5,6,7,7,9,12,20,150,380,410,410,2982,0,5,8.442723491958413,1.9000120000782772,408.26900100000785,0.0
1774037940,10,,Aggregated,28.300000,0.000000,5,6,7,7,9,12,20,140,370,410,410,3011,0,5,8.412632967459627,1.9000120000782772,408.26900100000785,0.0
1774037941,10,,Aggregated,28.200000,0.000000,5,6,7,7,9,12,20,140,370,410,410,3041,0,5,8.390881552128242,1.9000120000782772,408.26900100000785,0.0
1774037942,10,,Aggregated,28.400000,0.000000,5,6,7,7,9,12,20,140,370,410,410,3067,0,5,8.361210329645283,1.9000120000782772,408.26900100000785,0.0
1774037943,10,,Aggregated,28.300000,0.000000,5,6,7,7,9,12,20,140,370,410,410,3097,0,5,8.336928583798167,1.9000120000782772,408.26900100000785,0.0
1774037944,10,,Aggregated,28.400000,0.000000,5,6,7,7,9,12,20,140,370,410,410,3125,0,5,8.317602258247208,1.9000120000782772,408.26900100000785,0.0
1774037945,10,,Aggregated,28.200000,0.000000,5,6,7,7,9,12,20,140,370,410,410,3154,0,5,8.30662814300031,1.9000120000782772,408.26900100000785,0.0
1774037946,10,,Aggregated,28.500000,0.000000,5,6,7,7,9,12,20,140,370,410,410,3182,0,5,8.280390860786717,1.9000120000782772,408.26900100000785,0.0
1774037947,10,,Aggregated,28.200000,0.000000,5,6,7,7,9,12,19,140,370,410,410,3211,0,5,8.250566581757763,1.9000120000782772,408.26900100000785,0.0
1774037948,10,,Aggregated,28.500000,0.000000,5,6,7,7,9,12,19,140,370,410,410,3238,0,5,8.227349123540925,1.9000120000782772,408.26900100000785,0.0
1774037949,10,,Aggregated,28.200000,0.000000,5,6,7,7,9,12,19,140,370,410,410,3266,0,5,8.193661985923379,1.9000120000782772,408.26900100000785,0.0
1774037950,10,,Aggregated,28.600000,0.000000,5,6,7,7,9,12,19,140,370,410,410,3296,0,5,8.172764221488386,1.9000120000782772,408.26900100000785,0.0
1774037951,10,,Aggregated,28.700000,0.000000,5,6,7,7,9,12,20,140,370,410,410,3325,0,5,8.165334575646842,1.879209999970044,408.26900100000785,0.0
1774037952,10,,Aggregated,28.200000,0.000000,5,6,7,7,9,12,19,140,370,410,410,3352,0,5,8.142891337716536,1.879209999970044,408.26900100000785,0.0
1774037953,10,,Aggregated,28.400000,0.000000,5,6,7,7,9,12,19,140,370,410,410,3380,0,5,8.120768722788535,1.879209999970044,408.26900100000785,0.0
1774037954,10,,Aggregated,28.200000,0.000000,5,6,7,7,9,12,19,130,370,410,410,3408,0,5,8.09843782424473,1.879209999970044,408.26900100000785,0.0
1774037955,10,,Aggregated,28.300000,0.000000,5,6,7,7,9,12,19,130,370,410,410,3435,0,5,8.073169887052675,1.879209999970044,408.26900100000785,0.0
1774037956,10,,Aggregated,28.200000,0.000000,5,6,7,7,9,12,19,130,370,410,410,3463,0,5,8.045428133995634,1.879209999970044,408.26900100000785,0.0
1774037957,10,,Aggregated,28.400000,0.000000,5,6,7,7,9,11,19,130,370,410,410,3491,0,5,8.025615165003675,1.879209999970044,408.26900100000785,0.0
1774037958,10,,Aggregated,27.900000,0.000000,5,6,7,7,9,12,19,130,370,410,410,3517,0,5,8.012840732166277,1.879209999970044,408.26900100000785,0.0
1774037959,10,,Aggregated,28.000000,0.000000,5,6,7,7,9,12,19,130,370,410,410,3547,0,5,7.995791905562502,1.879209999970044,408.26900100000785,0.0
1774037960,10,,Aggregated,27.900000,0.000000,5,6,7,7,9,12,18,130,370,410,410,3573,0,5,7.975215427380166,1.879209999970044,408.26900100000785,0.0
1774037961,10,,Aggregated,27.900000,0.000000,5,6,7,7,9,12,18,110,370,410,410,3604,0,5,7.948714903726292,1.879209999970044,408.26900100000785,0.0
1774037962,10,,Aggregated,27.900000,0.000000,5,6,7,7,9,11,18,110,370,410,410,3631,0,5,7.922726477838062,1.879209999970044,408.26900100000785,0.0
1774037963,10,,Aggregated,27.800000,0.000000,5,6,7,7,9,11,18,110,370,410,410,3661,0,5,7.894896190393425,1.879209999970044,408.26900100000785,0.0
1774037964,10,,Aggregated,27.700000,0.000000,5,6,7,7,9,11,18,110,370,410,410,3692,0,5,7.875259019509889,1.879209999970044,408.26900100000785,0.0
1774037965,10,,Aggregated,28.000000,0.000000,5,6,7,7,9,11,18,71,370,410,410,3722,0,5,7.8519927305291946,1.879209999970044,408.26900100000785,0.0
1774037966,10,,Aggregated,28.200000,0.000000,5,6,7,7,9,11,18,71,370,410,410,3748,0,5,7.837780088321748,1.879209999970044,408.26900100000785,0.0
1774037967,10,,Aggregated,28.400000,0.000000,5,6,7,7,9,11,18,71,370,410,410,3774,0,5,7.813509141237087,1.879209999970044,408.26900100000785,0.0
1774037968,10,,Aggregated,28.500000,0.000000,5,6,7,7,9,11,17,69,370,410,410,3803,0,5,7.790493253229117,1.879209999970044,408.26900100000785,0.0
1774037969,10,,Aggregated,28.100000,0.000000,5,6,7,7,9,11,17,69,370,410,410,3830,0,5,7.774793501052017,1.879209999970044,408.26900100000785,0.0
1774037970,10,,Aggregated,28.200000,0.000000,5,6,7,7,9,11,17,69,370,410,410,3860,0,5,7.748935116846998,1.879209999970044,408.26900100000785,0.0
1774037971,10,,Aggregated,28.400000,0.000000,5,6,7,7,9,11,17,69,370,410,410,3886,0,5,7.734870956775385,1.879209999970044,408.26900100000785,0.0
1774037972,10,,Aggregated,28.500000,0.000000,5,6,7,7,9,11,17,56,370,410,410,3917,0,5,7.723708244837926,1.879209999970044,408.26900100000785,0.0
1774037973,10,,Aggregated,28.200000,0.000000,5,6,7,7,9,11,17,56,370,410,410,3944,0,5,7.707843629064471,1.879209999970044,408.26900100000785,0.0
1774037974,10,,Aggregated,28.200000,0.000000,5,6,7,7,9,11,17,56,370,410,410,3975,0,5,7.691965781139161,1.879209999970044,408.26900100000785,0.0
1774037975,10,,Aggregated,28.400000,0.000000,5,6,7,7,9,11,17,53,370,410,410,4002,0,5,7.67813834133632,1.879209999970044,408.26900100000785,0.0
1774037976,10,,Aggregated,28.300000,0.000000,5,6,7,7,9,11,17,53,370,410,410,4030,0,5,7.662015159560162,1.879209999970044,408.26900100000785,0.0
1774037977,10,,Aggregated,28.000000,0.000000,5,6,7,7,9,11,17,53,370,410,410,4059,0,5,7.647050191679375,1.879209999970044,408.26900100000785,0.0
1774037978,10,,Aggregated,28.200000,0.000000,5,6,7,7,9,11,17,53,370,410,410,4088,0,5,7.631009053821908,1.879209999970044,408.26900100000785,0.0
1774037979,10,,Aggregated,28.700000,0.000000,5,6,7,7,9,11,17,47,370,410,410,4112,0,5,7.624755222768271,1.879209999970044,408.26900100000785,0.0
1774037980,10,,Aggregated,28.500000,0.000000,5,6,7,7,9,11,17,47,370,410,410,4139,0,5,7.6134289768115435,1.879209999970044,408.26900100000785,0.0
1774037981,10,,Aggregated,28.100000,0.000000,5,6,7,7,9,11,17,47,370,410,410,4169,0,5,7.595661981056125,1.879209999970044,408.26900100000785,0.0
1774037982,10,,Aggregated,27.800000,0.000000,5,6,7,7,9,11,17,47,370,410,410,4196,0,5,7.59034728456244,1.879209999970044,408.26900100000785,0.0
1774037983,10,,Aggregated,28.200000,0.000000,5,6,7,7,9,11,17,45,370,410,410,4224,0,5,7.573066555403308,1.879209999970044,408.26900100000785,0.0
1774037984,10,,Aggregated,28.400000,0.000000,5,6,7,7,9,11,17,45,370,410,410,4254,0,5,7.558357509173456,1.879209999970044,408.26900100000785,0.0
1774037985,10,,Aggregated,27.900000,0.000000,5,6,7,7,9,11,17,45,370,410,410,4277,0,5,7.546744541272863,1.879209999970044,408.26900100000785,0.0
1774037986,10,,Aggregated,27.900000,0.000000,5,6,7,7,9,11,17,36,370,410,410,4305,0,5,7.53363973357088,1.879209999970044,408.26900100000785,0.0
1774037987,10,,Aggregated,27.900000,0.000000,5,6,7,7,9,11,17,36,370,410,410,4333,0,5,7.517856988927688,1.879209999970044,408.26900100000785,0.0
1774037988,10,,Aggregated,27.800000,0.000000,5,6,7,7,9,11,17,36,370,410,410,4366,0,5,7.4965182792083365,1.879209999970044,408.26900100000785,0.0
1774037989,10,,Aggregated,27.300000,0.000000,5,6,7,7,9,11,17,36,370,410,410,4394,0,5,7.485748515481477,1.879209999970044,408.26900100000785,0.0
1774037990,10,,Aggregated,27.700000,0.000000,5,6,7,7,9,11,17,34,370,410,410,4421,0,5,7.469498951148106,1.879209999970044,408.26900100000785,0.0
1774037991,10,,Aggregated,28.000000,0.000000,5,6,7,7,9,11,16,34,370,410,410,4451,0,5,7.454576725460315,1.879209999970044,408.26900100000785,0.0
1774037992,10,,Aggregated,28.300000,0.000000,5,6,7,7,9,11,16,34,370,410,410,4479,0,5,7.440937968301691,1.879209999970044,408.26900100000785,0.0
1774037993,10,,Aggregated,27.800000,0.000000,5,6,7,7,9,11,16,33,370,410,410,4506,0,5,7.42860434265915,1.879209999970044,408.26900100000785,0.0
1774037994,10,,Aggregated,28.100000,0.000000,5,6,7,7,9,11,16,33,370,410,410,4534,0,5,7.415421069038845,1.879209999970044,408.26900100000785,0.0
1774037995,10,,Aggregated,28.200000,0.000000,5,6,7,7,9,11,16,33,370,410,410,4563,0,5,7.401065501210066,1.879209999970044,408.26900100000785,0.0
1774037996,10,,Aggregated,28.200000,0.000000,5,6,7,7,9,11,16,33,370,410,410,4588,0,5,7.38513544464281,1.879209999970044,408.26900100000785,0.0
1774037997,10,,Aggregated,28.100000,0.000000,5,6,7,7,9,11,16,33,370,410,410,4617,0,5,7.373739222227191,1.879209999970044,408.26900100000785,0.0
1774037998,10,,Aggregated,28.100000,0.000000,5,6,7,7,9,11,16,33,370,410,410,4645,0,5,7.3590574327284255,1.879209999970044,408.26900100000785,0.0
1774037999,10,,Aggregated,28.500000,0.000000,5,6,7,7,9,11,16,33,370,410,410,4672,0,5,7.343210063147095,1.879209999970044,408.26900100000785,0.0
1774038000,10,,Aggregated,28.100000,0.000000,5,6,7,7,9,11,16,28,370,410,410,4706,0,5,7.332261134939144,1.879209999970044,408.26900100000785,0.0
1774038001,10,,Aggregated,27.700000,0.000000,5,6,7,7,9,11,16,28,370,410,410,4729,0,5,7.338264511952514,1.879209999970044,408.26900100000785,0.0
1774038002,10,,Aggregated,27.900000,0.000000,5,6,7,7,9,11,16,28,370,410,410,4759,0,5,7.332495330116473,1.879209999970044,408.26900100000785,0.0
1774038003,10,,Aggregated,28.300000,0.000000,5,6,7,7,9,11,16,28,370,410,410,4786,0,5,7.324436587970026,1.879209999970044,408.26900100000785,0.0
1774038004,10,,Aggregated,27.700000,0.000000,5,6,7,7,9,11,16,27,370,410,410,4813,0,5,7.314451512990493,1.879209999970044,408.26900100000785,0.0
1774038005,10,,Aggregated,27.800000,0.000000,5,6,7,7,9,11,16,27,370,410,410,4843,0,5,7.2972406258567455,1.879209999970044,408.26900100000785,0.0
1774038006,10,,Aggregated,27.600000,0.000000,5,6,7,7,9,11,16,27,370,410,410,4871,0,5,7.281563523306004,1.879209999970044,408.26900100000785,0.0
1774038007,10,,Aggregated,28.000000,0.000000,5,6,7,7,9,11,16,27,370,410,410,4898,0,5,7.267847404251722,1.879209999970044,408.26900100000785,0.0
1774038008,10,,Aggregated,28.000000,0.000000,5,6,7,7,9,11,16,27,370,410,410,4931,0,5,7.252650124117912,1.879209999970044,408.26900100000785,0.0
1774038009,10,,Aggregated,28.100000,0.000000,5,6,7,7,9,11,16,27,370,410,410,4956,0,5,7.239735970343932,1.879209999970044,408.26900100000785,0.0
1774038010,10,,Aggregated,28.200000,0.000000,5,6,7,7,9,11,16,27,370,410,410,4986,0,5,7.22643030044613,1.879209999970044,408.26900100000785,0.0
1774038011,10,,Aggregated,28.300000,0.000000,5,6,7,7,9,11,16,27,370,410,410,5014,0,5,7.222594250304272,1.879209999970044,408.26900100000785,0.0
1774038012,10,,Aggregated,28.400000,0.000000,5,6,7,7,9,11,16,27,370,410,410,5042,0,5,7.212958865931078,1.879209999970044,408.26900100000785,0.0
1774038013,10,,Aggregated,28.400000,0.000000,5,6,7,7,9,11,16,27,370,410,410,5071,0,5,7.197714726488743,1.879209999970044,408.26900100000785,0.0
1774038014,10,,Aggregated,28.400000,0.000000,5,6,7,7,9,11,16,27,370,410,410,5100,0,5,7.185542149220467,1.879209999970044,408.26900100000785,0.0
1774038015,10,,Aggregated,28.400000,0.000000,5,6,7,7,9,11,16,26,370,410,410,5127,0,5,7.184726748590409,1.879209999970044,408.26900100000785,0.0
1774038016,10,,Aggregated,28.600000,0.000000,5,6,7,7,9,11,16,26,370,410,410,5155,0,5,7.173291516008238,1.879209999970044,408.26900100000785,0.0
1774038017,10,,Aggregated,28.300000,0.000000,5,6,7,7,9,11,16,26,370,410,410,5181,0,5,7.159971080683588,1.879209999970044,408.26900100000785,0.0
1774038018,10,,Aggregated,28.300000,0.000000,5,6,7,7,9,11,16,26,370,410,410,5209,0,5,7.151844774049575,1.879209999970044,408.26900100000785,0.0
1774038019,10,,Aggregated,28.100000,0.000000,5,6,7,7,9,11,16,26,370,410,410,5234,0,5,7.144493793470314,1.879209999970044,408.26900100000785,0.0
1774038020,10,,Aggregated,28.300000,0.000000,5,6,7,7,9,11,16,26,370,410,410,5261,0,5,7.14287627599775,1.879209999970044,408.26900100000785,0.0
1774038021,10,,Aggregated,27.800000,0.000000,5,6,7,7,9,11,16,26,370,410,410,5291,0,5,7.141774790592313,1.879209999970044,408.26900100000785,0.0
1774038022,10,,Aggregated,27.600000,0.000000,5,6,7,7,9,11,16,26,370,410,410,5320,0,5,7.135402588538705,1.879209999970044,408.26900100000785,0.0
1774038023,10,,Aggregated,27.500000,0.000000,5,6,7,7,9,11,16,26,370,410,410,5348,0,5,7.130291835643956,1.879209999970044,408.26900100000785,0.0
1774038024,10,,Aggregated,27.700000,0.000000,5,6,7,7,9,11,16,26,370,410,410,5372,0,5,7.122650560131168,1.879209999970044,408.26900100000785,0.0
1774038025,10,,Aggregated,27.500000,0.000000,5,6,7,7,9,11,16,25,370,410,410,5401,0,5,7.11471701981583,1.879209999970044,408.26900100000785,0.0
1774038026,10,,Aggregated,27.700000,0.000000,5,6,7,7,9,11,16,25,370,410,410,5430,0,5,7.106094883061723,1.879209999970044,408.26900100000785,0.0
1774038027,10,,Aggregated,27.400000,0.000000,5,6,7,7,9,11,16,25,370,410,410,5460,0,5,7.091954263924085,1.879209999970044,408.26900100000785,0.0
1774038028,10,,Aggregated,27.500000,0.000000,5,6,7,7,9,11,16,25,370,410,410,5487,0,5,7.080959659016653,1.879209999970044,408.26900100000785,0.0
1774038029,10,,Aggregated,27.300000,0.000000,5,6,7,7,9,11,16,25,370,410,410,5514,0,5,7.073166197501236,1.879209999970044,408.26900100000785,0.0
1774038030,10,,Aggregated,27.500000,0.000000,5,6,7,7,9,11,16,25,370,410,410,5541,0,5,7.066975826389291,1.879209999970044,408.26900100000785,0.0
1774038031,10,,Aggregated,27.900000,0.000000,5,6,7,7,9,11,16,26,370,410,410,5570,0,5,7.07733205655692,1.879209999970044,408.26900100000785,0.0
1774038032,10,,Aggregated,27.800000,0.000000,5,6,7,7,9,11,16,26,370,410,410,5597,0,5,7.0711853682373285,1.879209999970044,408.26900100000785,0.0
1774038033,10,,Aggregated,27.700000,0.000000,5,6,7,7,9,11,16,26,370,410,410,5625,0,5,7.062077656537615,1.879209999970044,408.26900100000785,0.0
1774038034,10,,Aggregated,27.800000,0.000000,5,6,7,7,9,11,16,26,370,410,410,5651,0,5,7.047679541855298,1.879209999970044,408.26900100000785,0.0
1774038035,10,,Aggregated,28.000000,0.000000,5,6,7,7,9,11,16,26,370,410,410,5682,0,5,7.037400547874517,1.879209999970044,408.26900100000785,0.0
1774038036,10,,Aggregated,27.600000,0.000000,5,6,7,7,9,11,16,25,370,410,410,5709,0,5,7.029433438259318,1.879209999970044,408.26900100000785,0.0
1774038037,10,,Aggregated,27.700000,0.000000,5,6,7,7,9,11,16,25,370,410,410,5735,0,5,7.025854288408536,1.879209999970044,408.26900100000785,0.0
1774038038,10,,Aggregated,27.900000,0.000000,5,6,7,7,9,11,16,25,370,410,410,5761,0,5,7.017944953137276,1.879209999970044,408.26900100000785,0.0
1774038039,10,,Aggregated,28.000000,0.000000,5,6,7,7,9,11,16,25,370,410,410,5787,0,5,7.01257323760541,1.879209999970044,408.26900100000785,0.0
1774038040,10,,Aggregated,27.400000,0.000000,5,6,7,7,9,11,16,25,370,410,410,5818,0,5,7.000894665868345,1.879209999970044,408.26900100000785,0.0
1774038041,10,,Aggregated,27.400000,0.000000,5,6,7,7,9,11,16,25,370,410,410,5848,0,5,6.99614037551701,1.879209999970044,408.26900100000785,0.0
1774038042,10,,Aggregated,27.500000,0.000000,5,6,7,7,9,11,16,27,370,410,410,5875,0,5,7.021354725961601,1.879209999970044,408.26900100000785,0.0
1774038043,10,,Aggregated,27.600000,0.000000,5,6,7,7,9,11,16,26,370,410,410,5904,0,5,7.025555547429612,1.879209999970044,408.26900100000785,0.0
1774038044,10,,Aggregated,27.700000,0.000000,5,6,7,7,9,11,16,26,370,410,410,5932,0,5,7.01502941335541,1.879209999970044,408.26900100000785,0.0
1774038045,10,,Aggregated,27.700000,0.000000,5,6,7,7,9,11,16,26,370,410,410,5961,0,5,7.006078442715207,1.879209999970044,408.26900100000785,0.0
1774038046,10,,Aggregated,27.800000,0.000000,5,6,7,7,9,11,17,26,370,410,410,5991,0,5,6.994538027211354,1.879209999970044,408.26900100000785,0.0
1774038047,10,,Aggregated,27.900000,0.000000,5,6,7,7,9,11,16,26,360,410,410,6017,0,5,6.982750190464166,1.879209999970044,408.26900100000785,0.0
1774038048,10,,Aggregated,27.800000,0.000000,5,6,7,7,9,11,16,26,360,410,410,6047,0,5,6.974238543578831,1.879209999970044,408.26900100000785,0.0
1774038049,10,,Aggregated,28.000000,0.000000,5,6,7,7,9,11,16,26,360,410,410,6071,0,5,6.972761742879298,1.879209999970044,408.26900100000785,0.0
1774038050,10,,Aggregated,28.300000,0.000000,5,6,7,7,9,11,16,25,360,410,410,6101,0,5,6.958798973614319,1.879209999970044,408.26900100000785,0.0
1774038051,10,,Aggregated,28.500000,0.000000,5,6,7,7,9,11,16,25,360,410,410,6125,0,5,6.952690341391257,1.879209999970044,408.26900100000785,0.0
1774038052,10,,Aggregated,28.400000,0.000000,5,6,7,7,9,11,16,25,360,410,410,6154,0,5,6.944613997241308,1.879209999970044,408.26900100000785,0.0
1774038053,10,,Aggregated,28.300000,0.000000,5,6,7,7,9,11,16,25,360,410,410,6184,0,5,6.932523209576845,1.879209999970044,408.26900100000785,0.0
1774038054,10,,Aggregated,27.800000,0.000000,5,6,7,7,9,11,16,25,360,410,410,6212,0,5,6.929602065521969,1.879209999970044,408.26900100000785,0.0
1774038055,10,,Aggregated,27.800000,0.000000,5,6,7,7,9,11,16,25,360,410,410,6242,0,5,6.917076714037626,1.879209999970044,408.26900100000785,0.0
1774038056,10,,Aggregated,28.000000,0.000000,5,6,7,7,9,11,16,25,360,410,410,6269,0,5,6.911077684004442,1.879209999970044,408.26900100000785,0.0
1774038057,10,,Aggregated,28.100000,0.000000,5,6,7,7,9,11,16,25,360,410,410,6295,0,5,6.9076726366995365,1.879209999970044,408.26900100000785,0.0
1774038058,10,,Aggregated,28.000000,0.000000,5,6,7,7,9,11,16,25,360,410,410,6325,0,5,6.901342732019478,1.879209999970044,408.26900100000785,0.0
1774038059,10,,Aggregated,27.900000,0.000000,5,6,7,7,9,11,16,25,360,410,410,6352,0,5,6.891800859103006,1.879209999970044,408.26900100000785,0.0
1774038060,10,,Aggregated,27.800000,0.000000,5,6,7,7,9,11,16,25,360,410,410,6377,0,5,6.889714629610061,1.879209999970044,408.26900100000785,0.0
1774038061,10,,Aggregated,27.700000,0.000000,5,6,7,7,9,11,17,26,360,410,410,6408,0,5,6.928010428842382,1.879209999970044,408.26900100000785,0.0
1774038062,10,,Aggregated,27.700000,0.000000,5,6,7,7,9,11,17,26,360,410,410,6436,0,5,6.923577362495814,1.879209999970044,408.26900100000785,0.0
1774038063,10,,Aggregated,27.500000,0.000000,5,6,7,7,9,11,17,26,360,410,410,6462,0,5,6.915956659551715,1.879209999970044,408.26900100000785,0.0
1774038064,10,,Aggregated,28.100000,0.000000,5,6,7,7,9,11,17,26,360,410,410,6492,0,5,6.914173659584788,1.879209999970044,408.26900100000785,0.0
1774038065,10,,Aggregated,28.000000,0.000000,5,6,7,7,9,11,17,26,360,410,410,6523,0,5,6.907426081867822,1.879209999970044,408.26900100000785,0.0
1774038066,10,,Aggregated,27.600000,0.000000,5,6,7,7,9,11,17,26,360,410,410,6550,0,5,6.903247203668083,1.879209999970044,408.26900100000785,0.0
1774038067,10,,Aggregated,27.900000,0.000000,5,6,7,7,9,11,17,26,360,410,410,6580,0,5,6.890868036174322,1.879209999970044,408.26900100000785,0.0
1774038069,10,,Aggregated,28.100000,0.000000,5,6,7,7,9,11,17,25,360,410,410,6611,0,5,6.882520677360309,1.879209999970044,408.26900100000785,0.0
1774038070,10,,Aggregated,28.000000,0.000000,5,6,7,7,9,11,17,25,360,410,410,6640,0,5,6.877850047594956,1.879209999970044,408.26900100000785,0.0
1774038071,10,,Aggregated,28.300000,0.000000,5,6,7,7,9,11,17,25,360,410,410,6668,0,5,6.874424165871273,1.879209999970044,408.26900100000785,0.0
1774038072,10,,Aggregated,28.600000,0.000000,5,6,7,7,9,11,17,27,360,410,410,6698,0,5,6.8895022179801435,1.879209999970044,408.26900100000785,0.0
1774038073,10,,Aggregated,28.800000,0.000000,5,6,7,7,9,11,17,26,360,410,410,6728,0,5,6.881160612519423,1.879209999970044,408.26900100000785,0.0
1774038074,10,,Aggregated,29.100000,0.000000,5,6,7,7,9,11,17,26,360,410,410,6758,0,5,6.871863290475024,1.879209999970044,408.26900100000785,0.0
1774038075,10,,Aggregated,29.200000,0.000000,5,6,7,7,9,11,17,26,360,410,410,6788,0,5,6.8663026107883445,1.879209999970044,408.26900100000785,0.0
1774038076,10,,Aggregated,29.600000,0.000000,5,6,7,7,9,11,17,26,360,410,410,6816,0,5,6.8630201424635215,1.879209999970044,408.26900100000785,0.0
1774038077,10,,Aggregated,29.600000,0.000000,5,6,7,7,9,11,17,26,360,410,410,6842,0,5,6.860831142068264,1.879209999970044,408.26900100000785,0.0
1774038078,10,,Aggregated,29.100000,0.000000,5,6,7,7,9,11,17,26,360,410,410,6871,0,5,6.8531432060878466,1.879209999970044,408.26900100000785,0.0
1774038079,10,,Aggregated,29.200000,0.000000,5,6,7,7,9,11,17,26,360,410,410,6898,0,5,6.853261620474214,1.879209999970044,408.26900100000785,0.0
1774038080,10,,Aggregated,28.900000,0.000000,5,6,7,7,9,11,17,26,360,410,410,6927,0,5,6.84754256691613,1.879209999970044,408.26900100000785,0.0
1774038081,10,,Aggregated,28.600000,0.000000,5,6,7,7,9,11,17,26,360,410,410,6954,0,5,6.841341402506084,1.879209999970044,408.26900100000785,0.0
1774038082,10,,Aggregated,28.500000,0.000000,5,6,7,7,9,11,17,26,360,410,410,6984,0,5,6.833581982678712,1.879209999970044,408.26900100000785,0.0
1774038083,10,,Aggregated,28.500000,0.000000,5,6,7,7,9,11,17,25,330,410,410,7011,0,5,6.825316774929177,1.879209999970044,408.26900100000785,0.0
1774038084,10,,Aggregated,28.400000,0.000000,5,6,7,7,9,11,17,25,330,410,410,7043,0,5,6.817222138723199,1.879209999970044,408.26900100000785,0.0
1774038085,10,,Aggregated,28.300000,0.000000,5,6,7,7,9,11,17,25,330,410,410,7073,0,5,6.811001539661851,1.879209999970044,408.26900100000785,0.0
1774038086,10,,Aggregated,28.300000,0.000000,5,6,7,7,9,11,17,26,330,410,410,7098,0,5,6.811290883492454,1.879209999970044,408.26900100000785,0.0
1774038087,10,,Aggregated,28.400000,0.000000,5,6,7,7,9,11,17,25,330,410,410,7124,0,5,6.808362745652676,1.879209999970044,408.26900100000785,0.0
1774038088,10,,Aggregated,28.400000,0.000000,5,6,7,7,9,11,17,25,330,410,410,7152,0,5,6.803730052856569,1.879209999970044,408.26900100000785,0.0
1774038089,10,,Aggregated,28.200000,0.000000,5,6,7,7,9,11,17,25,330,410,410,7180,0,5,6.795622388444266,1.879209999970044,408.26900100000785,0.0
1774038090,10,,Aggregated,28.200000,0.000000,5,6,7,7,9,11,17,25,330,410,410,7207,0,5,6.791813994592778,1.879209999970044,408.26900100000785,0.0
1774038091,10,,Aggregated,28.200000,0.000000,5,6,7,7,9,11,17,25,330,410,410,7232,0,5,6.7875706928968995,1.879209999970044,408.26900100000785,0.0
1774038092,10,,Aggregated,27.900000,0.000000,5,6,7,7,9,11,17,25,330,410,410,7259,0,5,6.797724355149422,1.879209999970044,408.26900100000785,0.0
1774038093,10,,Aggregated,27.900000,0.000000,5,6,7,7,9,11,17,25,330,410,410,7285,0,5,6.794985642968876,1.879209999970044,408.26900100000785,0.0
1774038094,10,,Aggregated,27.500000,0.000000,5,6,7,7,9,11,17,25,330,410,410,7315,0,5,6.788715446210239,1.879209999970044,408.26900100000785,0.0
1774038095,10,,Aggregated,27.400000,0.000000,5,6,7,7,9,11,17,25,330,410,410,7344,0,5,6.782219808555155,1.879209999970044,408.26900100000785,0.0
1774038096,10,,Aggregated,27.200000,0.000000,5,6,7,8,9,11,17,25,330,410,410,7372,0,5,6.7790240440898675,1.879209999970044,408.26900100000785,0.0
1774038097,10,,Aggregated,27.200000,0.000000,5,6,7,7,9,11,17,25,330,410,410,7401,0,5,6.77521834333612,1.879209999970044,408.26900100000785,0.0
1774038098,10,,Aggregated,27.200000,0.000000,5,6,7,8,9,11,17,25,330,410,410,7430,0,5,6.768727197446873,1.879209999970044,408.26900100000785,0.0
1774038099,10,,Aggregated,27.400000,0.000000,5,6,7,7,9,11,17,25,330,410,410,7458,0,5,6.762534362165259,1.879209999970044,408.26900100000785,0.0
1774038100,10,,Aggregated,27.800000,0.000000,5,6,7,8,9,11,17,25,330,410,410,7485,0,5,6.760014914499226,1.879209999970044,408.26900100000785,0.0
1774038101,10,,Aggregated,27.800000,0.000000,5,6,7,7,9,11,17,25,330,410,410,7513,0,5,6.753127970720982,1.879209999970044,408.26900100000785,0.0
1774038102,10,,Aggregated,27.900000,0.000000,5,6,7,8,9,11,17,25,330,410,410,7542,0,5,6.753200270356131,1.879209999970044,408.26900100000785,0.0
1774038103,10,,Aggregated,28.000000,0.000000,5,6,7,8,9,12,17,25,330,410,410,7569,0,5,6.7526887251983645,1.879209999970044,408.26900100000785,0.0
1774038104,10,,Aggregated,28.400000,0.000000,5,6,7,8,9,12,17,25,330,410,410,7599,0,5,6.749362852352506,1.879209999970044,408.26900100000785,0.0
1774038105,10,,Aggregated,28.200000,0.000000,5,6,7,8,9,12,17,25,330,410,410,7629,0,5,6.74314066286876,1.879209999970044,408.26900100000785,0.0
1774038106,10,,Aggregated,28.300000,0.000000,5,6,7,8,9,12,17,25,330,410,410,7661,0,5,6.737935049996561,1.879209999970044,408.26900100000785,0.0
1774038107,10,,Aggregated,28.500000,0.000000,5,6,7,8,9,12,17,25,330,410,410,7688,0,5,6.734543731662899,1.879209999970044,408.26900100000785,0.0
1774038108,10,,Aggregated,28.800000,0.000000,5,6,7,8,9,12,16,25,330,410,410,7715,0,5,6.730020146860036,1.867759999640839,408.26900100000785,0.0
1774038109,10,,Aggregated,28.700000,0.000000,5,6,7,8,9,12,16,25,330,410,410,7742,0,5,6.721590676572649,1.867759999640839,408.26900100000785,0.0
1774038110,10,,Aggregated,28.700000,0.000000,5,6,7,8,9,12,16,25,330,410,410,7769,0,5,6.7182876737065875,1.867759999640839,408.26900100000785,0.0
1774038111,10,,Aggregated,28.300000,0.000000,5,6,7,8,9,11,16,25,330,410,410,7801,0,5,6.710345441357,1.867759999640839,408.26900100000785,0.0
1774038112,10,,Aggregated,28.600000,0.000000,5,6,7,8,9,12,17,25,330,410,410,7830,0,5,6.72079251456267,1.867759999640839,408.26900100000785,0.0
1774038113,10,,Aggregated,28.800000,0.000000,5,6,7,8,9,12,17,25,330,410,410,7860,0,5,6.715175763998069,1.867759999640839,408.26900100000785,0.0
1774038114,10,,Aggregated,28.600000,0.000000,5,6,7,8,9,12,17,25,330,410,410,7887,0,5,6.710952208700927,1.867759999640839,408.26900100000785,0.0
1774038115,10,,Aggregated,28.900000,0.000000,5,6,7,8,9,12,17,25,330,410,410,7916,0,5,6.703247385551439,1.867759999640839,408.26900100000785,0.0
1774038116,10,,Aggregated,28.700000,0.000000,5,6,7,8,9,12,17,25,330,410,410,7943,0,5,6.698501147176741,1.867759999640839,408.26900100000785,0.0
1774038117,10,,Aggregated,28.500000,0.000000,5,6,7,8,9,11,16,25,330,410,410,7970,0,5,6.693301668635449,1.867759999640839,408.26900100000785,0.0
1774038118,10,,Aggregated,28.200000,0.000000,5,6,7,8,9,11,16,25,330,410,410,7998,0,5,6.686320378597623,1.867759999640839,408.26900100000785,0.0
1774038119,10,,Aggregated,28.400000,0.000000,5,6,7,8,9,11,16,25,330,410,410,8029,0,5,6.682057132896169,1.867759999640839,408.26900100000785,0.0
1774038120,10,,Aggregated,28.200000,0.000000,5,6,7,8,9,11,16,25,330,410,410,8055,0,5,6.6799527225354485,1.867759999640839,408.26900100000785,0.0
1774038121,10,,Aggregated,28.500000,0.000000,5,6,7,8,9,11,16,25,330,410,410,8084,0,5,6.673369966727273,1.867759999640839,408.26900100000785,0.0
1774038122,10,,Aggregated,28.100000,0.000000,5,6,7,8,9,12,16,25,330,410,410,8112,0,5,6.6740708396233925,1.867759999640839,408.26900100000785,0.0
1774038123,10,,Aggregated,28.000000,0.000000,5,6,7,8,9,12,16,25,330,410,410,8139,0,5,6.672383028507924,1.867759999640839,408.26900100000785,0.0
1774038124,10,,Aggregated,28.000000,0.000000,5,6,7,8,9,12,16,25,330,410,410,8166,0,5,6.666999261453024,1.867759999640839,408.26900100000785,0.0
1774038125,10,,Aggregated,28.100000,0.000000,5,6,7,8,9,12,16,25,330,410,410,8194,0,5,6.663876534906481,1.867759999640839,408.26900100000785,0.0
1774038126,10,,Aggregated,28.000000,0.000000,5,6,7,8,9,12,16,25,330,410,410,8224,0,5,6.659490507298383,1.867759999640839,408.26900100000785,0.0
1774038127,10,,Aggregated,27.800000,0.000000,5,6,7,8,9,12,16,25,330,410,410,8251,0,5,6.656081374017836,1.867759999640839,408.26900100000785,0.0
1774038128,10,,Aggregated,27.900000,0.000000,5,6,7,8,9,12,16,25,330,410,410,8279,0,5,6.651228492332645,1.867759999640839,408.26900100000785,0.0
1774038129,10,,Aggregated,27.700000,0.000000,5,6,7,8,9,11,16,24,330,410,410,8308,0,5,6.646849142154836,1.867759999640839,408.26900100000785,0.0
1774038130,10,,Aggregated,27.900000,0.000000,5,6,7,7,9,11,16,24,330,410,410,8335,0,5,6.6422067961635225,1.867759999640839,408.26900100000785,0.0
1774038131,10,,Aggregated,27.900000,0.000000,5,6,7,7,9,11,16,24,330,410,410,8363,0,5,6.638394947031314,1.867759999640839,408.26900100000785,0.0
1774038132,10,,Aggregated,27.900000,0.000000,5,6,7,8,9,11,16,24,330,410,410,8388,0,5,6.638869947904453,1.867759999640839,408.26900100000785,0.0
1774038133,10,,Aggregated,27.800000,0.000000,5,6,7,8,9,11,16,24,330,410,410,8417,0,5,6.632722112275435,1.867759999640839,408.26900100000785,0.0
1774038134,10,,Aggregated,28.000000,0.000000,5,6,7,7,9,11,16,24,330,410,410,8447,0,5,6.6262796359682055,1.867759999640839,408.26900100000785,0.0
1774038135,10,,Aggregated,27.600000,0.000000,5,6,7,7,9,11,16,24,330,410,410,8477,0,5,6.620145179665406,1.867759999640839,408.26900100000785,0.0
1774038136,10,,Aggregated,27.700000,0.000000,5,6,7,8,9,11,16,24,330,410,410,8504,0,5,6.620720520346155,1.867759999640839,408.26900100000785,0.0
1774038137,10,,Aggregated,27.900000,0.000000,5,6,7,8,9,11,16,24,330,410,410,8535,0,5,6.617454113652486,1.867759999640839,408.26900100000785,0.0
1774038138,10,,Aggregated,28.000000,0.000000,5,6,7,8,9,11,16,24,330,410,410,8563,0,5,6.61792091405184,1.867759999640839,408.26900100000785,0.0
1774038139,10,,Aggregated,28.300000,0.000000,5,6,7,8,9,12,16,24,330,410,410,8592,0,5,6.618277115342766,1.867759999640839,408.26900100000785,0.0
1774038140,10,,Aggregated,28.100000,0.000000,5,6,7,8,9,12,16,24,330,410,410,8620,0,5,6.610833308239651,1.867759999640839,408.26900100000785,0.0
1774038141,10,,Aggregated,28.400000,0.000000,5,6,7,8,9,11,16,24,330,410,410,8649,0,5,6.604438636955073,1.867759999640839,408.26900100000785,0.0
1774038142,10,,Aggregated,28.600000,0.000000,5,6,7,8,9,12,16,24,330,410,410,8675,0,5,6.603024092683054,1.867759999640839,408.26900100000785,0.0
1774038143,10,,Aggregated,28.300000,0.000000,5,6,7,8,9,12,16,24,330,410,410,8703,0,5,6.597752348158914,1.867759999640839,408.26900100000785,0.0
1774038144,10,,Aggregated,28.400000,0.000000,5,6,7,8,9,12,16,24,330,410,410,8732,0,5,6.59252315815689,1.867759999640839,408.26900100000785,0.0
1774038145,10,,Aggregated,28.600000,0.000000,5,6,7,8,9,12,16,24,330,410,410,8759,0,5,6.6224885733562795,1.867759999640839,408.26900100000785,0.0
1774038146,10,,Aggregated,28.700000,0.000000,5,6,7,8,9,12,16,24,330,410,410,8787,0,5,6.615794282807316,1.867759999640839,408.26900100000785,0.0
1774038147,10,,Aggregated,28.400000,0.000000,5,6,7,8,9,12,16,24,330,410,410,8813,0,5,6.611850589586939,1.867759999640839,408.26900100000785,0.0
1774038148,10,,Aggregated,28.100000,0.000000,5,6,7,8,9,11,16,24,330,410,410,8841,0,5,6.606206833732359,1.867759999640839,408.26900100000785,0.0
1774038149,10,,Aggregated,28.000000,0.000000,5,6,7,8,9,11,16,24,330,410,410,8871,0,5,6.599998097849928,1.867759999640839,408.26900100000785,0.0
1774038150,10,,Aggregated,28.000000,0.000000,5,6,7,8,9,11,16,24,330,410,410,8897,0,5,6.599229856696274,1.867759999640839,408.26900100000785,0.0
1774038151,10,,Aggregated,27.800000,0.000000,5,6,7,8,9,11,16,24,330,410,410,8925,0,5,6.595193149807043,1.867759999640839,408.26900100000785,0.0
1774038152,10,,Aggregated,27.700000,0.000000,5,6,7,8,9,11,16,24,330,410,410,8952,0,5,6.594499789547456,1.867759999640839,408.26900100000785,0.0
1774038153,10,,Aggregated,27.600000,0.000000,5,6,7,8,9,11,16,24,330,410,410,8980,0,5,6.591146739535362,1.867759999640839,408.26900100000785,0.0
1774038154,10,,Aggregated,27.600000,0.000000,5,6,7,8,9,11,16,24,300,410,410,9006,0,5,6.5928649108404,1.867759999640839,408.26900100000785,0.0
1774038155,10,,Aggregated,27.600000,0.000000,5,6,7,8,9,11,16,24,300,410,410,9034,0,5,6.589484990151388,1.867759999640839,408.26900100000785,0.0
1774038156,10,,Aggregated,27.100000,0.000000,5,6,7,8,9,11,16,24,300,410,410,9064,0,5,6.58496522683437,1.867759999640839,408.26900100000785,0.0
1774038157,10,,Aggregated,27.500000,0.000000,5,6,7,8,9,11,16,24,300,410,410,9096,0,5,6.584009070143768,1.867759999640839,408.26900100000785,0.0
1774038158,10,,Aggregated,27.800000,0.000000,5,6,7,8,9,11,16,24,300,410,410,9123,0,5,6.579450991891823,1.867759999640839,408.26900100000785,0.0
1774038159,10,,Aggregated,27.800000,0.000000,5,6,7,8,9,11,16,24,300,410,410,9152,0,5,6.572831270108127,1.867759999640839,408.26900100000785,0.0
1774038160,10,,Aggregated,28.100000,0.000000,5,6,7,8,9,11,16,24,300,410,410,9178,0,5,6.568121166706188,1.867759999640839,408.26900100000785,0.0
1774038161,10,,Aggregated,28.000000,0.000000,5,6,7,8,9,11,16,23,300,410,410,9208,0,5,6.565035982192596,1.867759999640839,408.26900100000785,0.0
1774038162,10,,Aggregated,28.100000,0.000000,5,6,7,8,9,11,16,23,300,410,410,9234,0,5,6.564215424304783,1.867759999640839,408.26900100000785,0.0
1774038163,10,,Aggregated,28.400000,0.000000,5,6,7,8,9,12,16,24,300,410,410,9264,0,5,6.574321556782305,1.867759999640839,408.26900100000785,0.0
1774038164,10,,Aggregated,28.100000,0.000000,5,6,7,8,9,12,16,24,300,410,410,9292,0,5,6.570887339542786,1.867759999640839,408.26900100000785,0.0
1774038165,10,,Aggregated,28.200000,0.000000,5,6,7,8,9,12,16,24,300,410,410,9318,0,5,6.571693678153221,1.867759999640839,408.26900100000785,0.0
1774038166,10,,Aggregated,28.600000,0.000000,5,6,7,8,9,12,16,24,300,410,410,9345,0,5,6.571205688178972,1.867759999640839,408.26900100000785,0.0
1774038167,10,,Aggregated,28.300000,0.000000,5,6,7,8,9,12,16,24,300,410,410,9368,0,5,6.569739863795161,1.867759999640839,408.26900100000785,0.0
1774038168,10,,Aggregated,27.900000,0.000000,5,6,7,8,9,12,16,24,300,410,410,9399,0,5,6.567708383235637,1.867759999640839,408.26900100000785,0.0
1774038169,10,,Aggregated,27.800000,0.000000,5,6,7,8,9,12,16,23,300,410,410,9427,0,5,6.562029813305647,1.867759999640839,408.26900100000785,0.0
1774038170,10,,Aggregated,27.500000,0.000000,5,6,7,8,9,12,16,23,300,410,410,9455,0,5,6.559993319411155,1.867759999640839,408.26900100000785,0.0
1774038171,10,,Aggregated,27.300000,0.000000,5,6,7,8,9,12,16,23,300,410,410,9485,0,5,6.551863276439903,1.867759999640839,408.26900100000785,0.0
1774038172,10,,Aggregated,27.400000,0.000000,5,6,7,8,9,12,16,23,300,410,410,9512,0,5,6.545346079376795,1.867759999640839,408.26900100000785,0.0
1774038173,10,,Aggregated,27.400000,0.000000,5,6,7,8,9,12,16,23,300,410,410,9541,0,5,6.541892775079158,1.867759999640839,408.26900100000785,0.0
1774038174,10,,Aggregated,27.800000,0.000000,5,6,7,8,9,12,16,23,300,410,410,9570,0,5,6.537681844203737,1.867759999640839,408.26900100000785,0.0
1774038175,10,,Aggregated,27.700000,0.000000,5,6,7,8,9,12,16,23,300,410,410,9601,0,5,6.5340174082939155,1.867759999640839,408.26900100000785,0.0
1774038176,10,,Aggregated,28.000000,0.000000,5,6,7,8,9,12,16,23,300,410,410,9627,0,5,6.530372549603075,1.867759999640839,408.26900100000785,0.0
1774038177,10,,Aggregated,27.900000,0.000000,5,6,7,8,9,12,16,23,300,410,410,9656,0,5,6.52548412748832,1.867759999640839,408.26900100000785,0.0
1774038178,10,,Aggregated,28.300000,0.000000,5,6,7,8,9,12,16,23,300,410,410,9682,0,5,6.521001585418963,1.867759999640839,408.26900100000785,0.0
1774038179,10,,Aggregated,28.400000,0.000000,5,6,7,8,9,12,16,23,300,410,410,9711,0,5,6.516762693134059,1.867759999640839,408.26900100000785,0.0
1774038180,10,,Aggregated,28.200000,0.000000,5,6,7,8,9,12,16,23,300,410,410,9741,0,5,6.514186486297768,1.867759999640839,408.26900100000785,0.0
1774038181,10,,Aggregated,28.700000,0.000000,5,6,7,8,9,12,16,23,300,410,410,9769,0,5,6.511007988640252,1.867759999640839,408.26900100000785,0.0
1774038182,10,,Aggregated,28.600000,0.000000,5,6,7,8,9,12,16,23,300,410,410,9796,0,5,6.509435530525501,1.867759999640839,408.26900100000785,0.0
1774038183,10,,Aggregated,28.800000,0.000000,5,6,7,8,9,12,16,23,300,410,410,9828,0,5,6.506834196583878,1.867759999640839,408.26900100000785,0.0
1774038184,10,,Aggregated,28.400000,0.000000,5,6,7,8,9,12,16,23,300,410,410,9854,0,5,6.505105538159684,1.867759999640839,408.26900100000785,0.0
1774038185,10,,Aggregated,28.600000,0.000000,5,6,7,8,9,12,16,23,300,410,410,9882,0,5,6.501891741856226,1.867759999640839,408.26900100000785,0.0
1774038186,10,,Aggregated,28.200000,0.000000,5,6,7,8,9,12,16,22,300,410,410,9913,0,5,6.500245287907219,1.867759999640839,408.26900100000785,0.0
1774038187,10,,Aggregated,28.400000,0.000000,5,6,7,8,9,12,16,22,300,410,410,9941,0,5,6.497603662108955,1.867759999640839,408.26900100000785,0.0
1774038188,10,,Aggregated,28.700000,0.000000,5,6,7,8,9,12,16,22,300,410,410,9970,0,5,6.492727343633381,1.867759999640839,408.26900100000785,0.0
1774038189,10,,Aggregated,28.400000,0.000000,5,6,7,8,9,12,16,22,300,410,410,9999,0,5,6.486876394241937,1.867759999640839,408.26900100000785,0.0
1774038190,10,,Aggregated,28.800000,0.000000,5,6,7,8,9,12,16,22,290,390,410,10026,0,5,6.484696667666731,1.867759999640839,408.26900100000785,0.0
1774038191,10,,Aggregated,28.600000,0.000000,5,6,7,8,9,12,16,22,290,390,410,10052,0,5,6.483734982294777,1.867759999640839,408.26900100000785,0.0
1774038192,10,,Aggregated,28.300000,0.000000,5,6,7,8,9,12,16,22,290,390,410,10081,0,5,6.482761576334324,1.867759999640839,408.26900100000785,0.0
1774038193,10,,Aggregated,28.100000,0.000000,5,6,7,8,9,12,16,22,290,390,410,10107,0,5,6.478020190266625,1.867759999640839,408.26900100000785,0.0
1774038194,10,,Aggregated,28.200000,0.000000,5,6,7,8,9,12,16,22,290,390,410,10135,0,5,6.475205575631474,1.867759999640839,408.26900100000785,0.0
1774038195,10,,Aggregated,27.800000,0.000000,5,6,7,8,9,11,16,22,290,390,410,10163,0,5,6.474423738662244,1.867759999640839,408.26900100000785,0.0
1774038196,10,,Aggregated,28.100000,0.000000,5,6,7,8,9,12,16,22,290,390,410,10188,0,5,6.474741455145867,1.867759999640839,408.26900100000785,0.0
1774038197,10,,Aggregated,27.900000,0.000000,5,6,7,8,9,12,16,22,290,390,410,10217,0,5,6.47557526847655,1.867759999640839,408.26900100000785,0.0
1774038198,10,,Aggregated,27.300000,0.000000,5,6,7,8,9,12,16,22,290,390,410,10243,0,5,6.47194826877145,1.867759999640839,408.26900100000785,0.0
1774038199,10,,Aggregated,27.200000,0.000000,5,6,7,8,9,12,16,22,290,390,410,10273,0,5,6.468276060452219,1.867759999640839,408.26900100000785,0.0
1774038200,10,,Aggregated,27.100000,0.000000,5,6,7,8,9,11,16,22,290,390,410,10302,0,5,6.4649675983328,1.867759999640839,408.26900100000785,0.0
1774038201,10,,Aggregated,27.100000,0.000000,5,6,7,8,9,12,16,22,290,390,410,10329,0,5,6.46407177703789,1.867759999640839,408.26900100000785,0.0
1774038202,10,,Aggregated,27.600000,0.000000,5,6,7,8,9,12,16,22,290,390,410,10359,0,5,6.460196960423249,1.867759999640839,408.26900100000785,0.0
1774038203,10,,Aggregated,27.900000,0.000000,5,6,7,8,9,11,16,22,290,390,410,10387,0,5,6.45699189766297,1.867759999640839,408.26900100000785,0.0
1774038204,10,,Aggregated,27.700000,0.000000,5,6,7,8,9,11,16,22,290,390,410,10414,0,5,6.452549194644168,1.867759999640839,408.26900100000785,0.0
1774038205,10,,Aggregated,27.800000,0.000000,5,6,7,8,9,11,16,22,290,390,410,10438,0,5,6.449101569268489,1.867759999640839,408.26900100000785,0.0
1774038206,10,,Aggregated,27.500000,0.000000,5,6,7,8,9,11,16,22,290,390,410,10471,0,5,6.444046428805693,1.867759999640839,408.26900100000785,0.0
1774038207,10,,Aggregated,27.500000,0.000000,5,6,7,8,9,11,16,22,290,390,410,10499,0,5,6.44586695437899,1.867759999640839,408.26900100000785,0.0
1774038208,10,,Aggregated,28.200000,0.000000,5,6,7,8,9,11,16,22,290,390,410,10529,0,5,6.439999237157031,1.867759999640839,408.26900100000785,0.0
1774038209,10,,Aggregated,28.500000,0.000000,5,6,7,8,9,11,16,22,290,390,410,10559,0,5,6.436138977462585,1.867759999640839,408.26900100000785,0.0
1774038210,10,,Aggregated,28.400000,0.000000,5,6,7,8,9,11,16,22,290,390,410,10589,0,5,6.433465039949762,1.867759999640839,408.26900100000785,0.0
1774038211,10,,Aggregated,28.700000,0.000000,5,6,7,8,9,11,16,22,290,390,410,10618,0,5,6.430915412132921,1.867759999640839,408.26900100000785,0.0
1774038212,10,,Aggregated,28.600000,0.000000,5,6,7,8,9,11,16,22,290,390,410,10646,0,5,6.4282574933333585,1.867759999640839,408.26900100000785,0.0
1774038213,10,,Aggregated,28.300000,0.000000,5,6,7,8,9,11,16,22,290,390,410,10677,0,5,6.424640025103192,1.867759999640839,408.26900100000785,0.0
1774038214,10,,Aggregated,28.800000,0.000000,5,6,7,8,9,11,16,22,290,390,410,10707,0,5,6.420416520783308,1.867759999640839,408.26900100000785,0.0
1774038215,10,,Aggregated,29.100000,0.000000,5,6,7,8,9,11,16,22,290,390,410,10733,0,5,6.417529687228917,1.867759999640839,408.26900100000785,0.0
1774038216,10,,Aggregated,29.200000,0.000000,5,6,7,8,9,11,16,22,290,390,410,10763,0,5,6.413455474126777,1.867759999640839,408.26900100000785,0.0
1774038217,10,,Aggregated,29.400000,0.000000,5,6,7,8,9,11,16,22,290,390,410,10791,0,5,6.409944917618904,1.867759999640839,408.26900100000785,0.0
1774038218,10,,Aggregated,29.000000,0.000000,5,6,7,8,9,11,16,22,290,390,410,10817,0,5,6.407065840993486,1.867759999640839,408.26900100000785,0.0
1774038219,10,,Aggregated,29.000000,0.000000,5,6,7,8,9,11,16,22,290,390,410,10846,0,5,6.403556201090438,1.867759999640839,408.26900100000785,0.0
1774038220,10,,Aggregated,29.400000,0.000000,5,6,7,8,9,11,16,22,290,390,410,10874,0,5,6.398527262739184,1.867759999640839,408.26900100000785,0.0
1774038221,10,,Aggregated,28.700000,0.000000,5,6,7,8,9,11,16,22,290,390,410,10904,0,5,6.396654916455028,1.867759999640839,408.26900100000785,0.0
1774038222,10,,Aggregated,28.700000,0.000000,5,6,7,8,9,11,16,22,290,390,410,10933,0,5,6.39278772981098,1.867759999640839,408.26900100000785,0.0
1774038223,10,,Aggregated,28.800000,0.000000,5,6,7,8,9,11,16,22,290,390,410,10961,0,5,6.38892300228305,1.867759999640839,408.26900100000785,0.0
1774038224,10,,Aggregated,28.500000,0.000000,5,6,7,8,9,11,16,22,290,390,410,10987,0,5,6.388094899974893,1.867759999640839,408.26900100000785,0.0
1774038225,10,,Aggregated,28.100000,0.000000,5,6,7,8,9,11,16,22,290,390,410,11015,0,5,6.385439142171995,1.867759999640839,408.26900100000785,0.0
1774038226,10,,Aggregated,28.300000,0.000000,5,6,7,8,9,11,16,22,290,390,410,11043,0,5,6.383907398535112,1.867759999640839,408.26900100000785,0.0
1774038227,10,,Aggregated,28.200000,0.000000,5,6,7,8,9,11,16,22,290,390,410,11070,0,5,6.380578434961491,1.867759999640839,408.26900100000785,0.0
1774038228,10,,Aggregated,28.200000,0.000000,5,6,7,8,9,11,16,22,290,390,410,11100,0,5,6.377000736128259,1.867759999640839,408.26900100000785,0.0
1774038229,10,,Aggregated,28.100000,0.000000,5,6,7,8,9,11,16,22,290,390,410,11126,0,5,6.373838659178846,1.867759999640839,408.26900100000785,0.0
1774038230,10,,Aggregated,27.600000,0.000000,5,6,7,8,9,11,16,22,290,390,410,11156,0,5,6.371346741845263,1.867759999640839,408.26900100000785,0.0
1774038231,10,,Aggregated,28.100000,0.000000,5,6,7,8,9,11,16,22,290,390,410,11185,0,5,6.3692294221749695,1.867759999640839,408.26900100000785,0.0
1774038232,10,,Aggregated,28.000000,0.000000,5,6,7,8,9,11,16,22,290,390,410,11214,0,5,6.3645115973806305,1.867759999640839,408.26900100000785,0.0
1774038233,10,,Aggregated,27.900000,0.000000,5,6,7,8,9,11,16,22,290,390,410,11243,0,5,6.362715304013656,1.867759999640839,408.26900100000785,0.0
1774038234,10,,Aggregated,27.900000,0.000000,5,6,7,8,9,11,16,22,290,390,410,11271,0,5,6.359597721233753,1.867759999640839,408.26900100000785,0.0
1774038235,10,,Aggregated,28.300000,0.000000,5,6,7,8,9,11,16,22,290,390,410,11299,0,5,6.356771401099743,1.867759999640839,408.26900100000785,0.0
1774038236,10,,Aggregated,28.400000,0.000000,5,6,7,8,9,11,15,21,290,390,410,11327,0,5,6.354923949944795,1.867759999640839,408.26900100000785,0.0
1774038237,10,,Aggregated,28.400000,0.000000,5,6,7,8,9,11,15,21,290,390,410,11357,0,5,6.351508044996411,1.867759999640839,408.26900100000785,0.0
1774038238,10,,Aggregated,28.300000,0.000000,5,6,7,8,9,11,15,21,290,390,410,11381,0,5,6.349113576137624,1.867759999640839,408.26900100000785,0.0
1774038239,10,,Aggregated,28.500000,0.000000,5,6,7,8,9,11,15,21,290,390,410,11413,0,5,6.346404871026346,1.867759999640839,408.26900100000785,0.0
1774038240,10,,Aggregated,28.400000,0.000000,5,6,7,8,9,11,15,21,290,390,410,11445,0,5,6.345794435825673,1.867759999640839,408.26900100000785,0.0
1774038241,10,,Aggregated,28.500000,0.000000,5,6,7,8,9,11,16,21,290,390,410,11472,0,5,6.349688041232999,1.867759999640839,408.26900100000785,0.0
1774038242,10,,Aggregated,28.700000,0.000000,5,6,7,8,9,11,16,22,290,390,410,11494,0,5,6.361752343659702,1.867759999640839,408.26900100000785,0.0
1774038243,10,,Aggregated,28.700000,0.000000,5,6,7,8,9,11,16,22,290,390,410,11522,0,5,6.360737896721409,1.867759999640839,408.26900100000785,0.0
1774038244,10,,Aggregated,28.400000,0.000000,5,6,7,8,9,11,16,22,290,390,410,11550,0,5,6.357394894547526,1.867759999640839,408.26900100000785,0.0
1774038245,10,,Aggregated,28.000000,0.000000,5,6,7,8,9,11,16,22,290,390,410,11579,0,5,6.356383748771438,1.867759999640839,408.26900100000785,0.0
1774038246,10,,Aggregated,27.800000,0.000000,5,6,7,8,9,11,16,22,290,390,410,11605,0,5,6.3525051016823575,1.867759999640839,408.26900100000785,0.0
1774038247,10,,Aggregated,27.800000,0.000000,5,6,7,8,9,11,16,22,290,390,410,11633,0,5,6.352389841745363,1.867759999640839,408.26900100000785,0.0
1774038248,10,,Aggregated,27.800000,0.000000,5,6,7,8,9,11,16,22,290,390,410,11664,0,5,6.349847665382698,1.867759999640839,408.26900100000785,0.0
1774038249,10,,Aggregated,27.400000,0.000000,5,6,7,8,9,11,16,22,290,390,410,11693,0,5,6.348605532628412,1.867759999640839,408.26900100000785,0.0
1774038250,10,,Aggregated,28.000000,0.000000,5,6,7,8,9,11,16,21,290,390,410,11721,0,5,6.347872477776894,1.867759999640839,408.26900100000785,0.0
1774038251,10,,Aggregated,27.800000,0.000000,5,6,7,8,9,11,16,21,290,390,410,11750,0,5,6.345025204342427,1.867759999640839,408.26900100000785,0.0
1774038252,10,,Aggregated,27.800000,0.000000,5,6,7,8,9,11,16,22,290,390,410,11779,0,5,6.342907398338007,1.867759999640839,408.26900100000785,0.0
1774038253,10,,Aggregated,27.800000,0.000000,5,6,7,8,9,11,16,22,290,390,410,11808,0,5,6.34276819486994,1.867759999640839,408.26900100000785,0.0
1774038254,10,,Aggregated,28.100000,0.000000,5,6,7,8,9,11,16,22,290,390,410,11835,0,5,6.34058203472944,1.867759999640839,408.26900100000785,0.0
1774038255,10,,Aggregated,28.600000,0.000000,5,6,7,8,9,11,16,22,290,390,410,11865,0,5,6.338351595619319,1.867759999640839,408.26900100000785,0.0
1774038256,10,,Aggregated,28.400000,0.000000,5,6,7,8,9,11,16,22,290,390,410,11894,0,5,6.338188875064919,1.867759999640839,408.26900100000785,0.0
1774038257,10,,Aggregated,28.400000,0.000000,5,6,7,8,9,11,16,22,290,390,410,11921,0,5,6.335813901687855,1.867759999640839,408.26900100000785,0.0
1774038258,10,,Aggregated,28.400000,0.000000,5,6,7,8,9,11,16,22,290,390,410,11948,0,5,6.333961506613876,1.867759999640839,408.26900100000785,0.0
1774038259,10,,Aggregated,28.800000,0.000000,5,6,7,8,9,11,16,22,290,390,410,11976,0,5,6.331501499751278,1.867759999640839,408.26900100000785,0.0
1774038260,10,,Aggregated,28.400000,0.000000,5,6,7,8,9,11,16,21,280,390,410,12003,0,5,6.329741759312004,1.867759999640839,408.26900100000785,0.0
1774038261,10,,Aggregated,28.100000,0.000000,5,6,7,8,9,11,16,21,280,390,410,12032,0,5,6.32505686843591,1.867759999640839,408.26900100000785,0.0
1774038262,10,,Aggregated,28.100000,0.000000,5,6,7,8,9,11,16,22,280,390,410,12061,0,5,6.327769286462179,1.867759999640839,408.26900100000785,0.0
1774038263,10,,Aggregated,27.900000,0.000000,5,6,7,8,9,11,16,22,280,390,410,12086,0,5,6.324302826246967,1.867759999640839,408.26900100000785,0.0
1774038264,10,,Aggregated,28.300000,0.000000,5,6,7,8,9,11,16,21,280,390,410,12114,0,5,6.322830934210184,1.867759999640839,408.26900100000785,0.0
1774038265,10,,Aggregated,27.800000,0.000000,5,6,7,7,9,11,16,21,280,390,410,12142,0,5,6.318963931726433,1.867759999640839,408.26900100000785,0.0
1774038266,10,,Aggregated,27.600000,0.000000,5,6,7,7,9,11,15,21,280,390,410,12170,0,5,6.314419211176791,1.867759999640839,408.26900100000785,0.0
1774038267,10,,Aggregated,27.600000,0.000000,5,6,7,7,9,11,16,21,280,390,410,12199,0,5,6.313177883270886,1.867759999640839,408.26900100000785,0.0
1774038268,10,,Aggregated,27.800000,0.000000,5,6,7,7,9,11,16,21,280,390,410,12228,0,5,6.3094917062495846,1.867759999640839,408.26900100000785,0.0
1774038269,10,,Aggregated,27.500000,0.000000,5,6,7,7,9,11,15,21,280,390,410,12256,0,5,6.306797242495031,1.867759999640839,408.26900100000785,0.0
1774038270,10,,Aggregated,27.800000,0.000000,5,6,7,7,9,11,15,21,280,390,410,12285,0,5,6.302829263493623,1.867759999640839,408.26900100000785,0.0
1774038271,10,,Aggregated,28.200000,0.000000,5,6,7,7,9,11,15,21,280,390,410,12313,0,5,6.300845863073086,1.867759999640839,408.26900100000785,0.0
1774038272,10,,Aggregated,28.000000,0.000000,5,6,7,7,9,11,15,21,280,390,410,12340,0,5,6.298376107538104,1.867759999640839,408.26900100000785,0.0
1774038273,10,,Aggregated,28.200000,0.000000,5,6,7,7,9,11,15,21,280,390,410,12368,0,5,6.296940974047403,1.867759999640839,408.26900100000785,0.0
1774038274,10,,Aggregated,27.900000,0.000000,5,6,7,7,9,11,15,21,280,390,410,12397,0,5,6.295491608939094,1.867759999640839,408.26900100000785,0.0
1774038275,10,,Aggregated,28.100000,0.000000,5,6,7,7,9,11,15,21,280,390,410,12426,0,5,6.294668031709233,1.867759999640839,408.26900100000785,0.0
1774038276,10,,Aggregated,28.400000,0.000000,5,6,7,7,9,11,16,22,280,390,410,12456,0,5,6.300555823058619,1.867759999640839,408.26900100000785,0.0
1774038277,10,,Aggregated,28.700000,0.000000,5,6,7,7,9,11,16,22,280,390,410,12480,0,5,6.299771731652121,1.867759999640839,408.26900100000785,0.0
1774038278,10,,Aggregated,28.400000,0.000000,5,6,7,7,9,11,16,22,280,390,410,12508,0,5,6.297790115847319,1.867759999640839,408.26900100000785,0.0
1774038279,10,,Aggregated,28.300000,0.000000,5,6,7,7,9,11,16,22,280,390,410,12536,0,5,6.2953890789739715,1.867759999640839,408.26900100000785,0.0
1774038280,10,,Aggregated,27.900000,0.000000,5,6,7,7,9,11,16,22,280,390,410,12564,0,5,6.294242796483424,1.867759999640839,408.26900100000785,0.0
1774038281,10,,Aggregated,27.800000,0.000000,5,6,7,7,9,11,16,22,280,390,410,12591,0,5,6.294096972839195,1.867759999640839,408.26900100000785,0.0
1774038282,10,,Aggregated,28.100000,0.000000,5,6,7,7,9,11,16,22,280,390,410,12621,0,5,6.295006501308717,1.867759999640839,408.26900100000785,0.0
1774038283,10,,Aggregated,28.000000,0.000000,5,6,7,7,9,11,16,22,280,390,410,12647,0,5,6.293730852298345,1.867759999640839,408.26900100000785,0.0
1774038284,10,,Aggregated,27.900000,0.000000,5,6,7,7,9,11,16,22,280,390,410,12674,0,5,6.29071383115158,1.867759999640839,408.26900100000785,0.0
1774038285,10,,Aggregated,27.700000,0.000000,5,6,7,7,9,11,15,22,280,390,410,12703,0,5,6.287746349918486,1.867759999640839,408.26900100000785,0.0
1774038286,10,,Aggregated,27.600000,0.000000,5,6,7,7,9,11,15,22,280,390,410,12733,0,5,6.286673284537355,1.867759999640839,408.26900100000785,0.0
1774038287,10,,Aggregated,27.400000,0.000000,5,6,7,7,9,11,15,22,280,390,410,12756,0,5,6.28417550047151,1.867759999640839,408.26900100000785,0.0
1774038288,10,,Aggregated,27.400000,0.000000,5,6,7,7,9,11,15,22,280,390,410,12784,0,5,6.282193469259541,1.867759999640839,408.26900100000785,0.0
1774038289,10,,Aggregated,27.800000,0.000000,5,6,7,7,9,11,15,21,280,390,410,12812,0,5,6.2790715599448825,1.867759999640839,408.26900100000785,0.0
1774038290,10,,Aggregated,27.900000,0.000000,5,6,7,7,9,11,15,21,280,390,410,12842,0,5,6.278029750273655,1.867759999640839,408.26900100000785,0.0
1774038291,10,,Aggregated,27.900000,0.000000,5,6,7,7,9,11,15,21,280,390,410,12869,0,5,6.276153831689754,1.867759999640839,408.26900100000785,0.0
1774038292,10,,Aggregated,27.400000,0.000000,5,6,7,8,9,11,16,22,290,400,410,12897,0,5,6.325002879585632,1.867759999640839,408.26900100000785,0.0
1774038293,10,,Aggregated,27.700000,0.000000,5,6,7,8,9,11,16,22,290,400,410,12923,0,5,6.325099088138589,1.867759999640839,408.26900100000785,0.0
1774038294,10,,Aggregated,27.500000,0.000000,5,6,7,8,9,11,16,22,290,400,410,12953,0,5,6.3226325781683945,1.867759999640839,408.26900100000785,0.0
1774038295,10,,Aggregated,27.500000,0.000000,5,6,7,8,9,11,16,22,290,400,410,12979,0,5,6.3207074642895815,1.867759999640839,408.26900100000785,0.0
1774038296,10,,Aggregated,27.800000,0.000000,5,6,7,8,9,11,16,22,280,400,410,13007,0,5,6.321796415853955,1.867759999640839,408.26900100000785,0.0
1774038297,10,,Aggregated,27.600000,0.000000,5,6,7,8,9,11,16,22,280,400,410,13035,0,5,6.320458294055449,1.867759999640839,408.26900100000785,0.0
1774038298,10,,Aggregated,27.600000,0.000000,5,6,7,8,9,11,16,22,280,400,410,13063,0,5,6.3170815824090685,1.867759999640839,408.26900100000785,0.0
1774038299,10,,Aggregated,27.600000,0.000000,5,6,7,8,9,11,16,22,280,400,410,13091,0,5,6.315910959744192,1.867759999640839,408.26900100000785,0.0
1774038300,10,,Aggregated,27.800000,0.000000,5,6,7,8,9,11,16,22,280,400,410,13117,0,5,6.317157264161855,1.867759999640839,408.26900100000785,0.0
1774038301,10,,Aggregated,27.800000,0.000000,5,6,7,8,9,11,16,22,280,400,410,13145,0,5,6.315544509852506,1.867759999640839,408.26900100000785,0.0
1774038302,10,,Aggregated,27.500000,0.000000,5,6,7,8,9,11,16,22,280,400,410,13172,0,5,6.321689343836208,1.867759999640839,408.26900100000785,0.0
1774038303,10,,Aggregated,27.400000,0.000000,5,6,7,8,9,11,16,22,280,400,410,13203,0,5,6.320592254261195,1.867759999640839,408.26900100000785,0.0
1774038304,10,,Aggregated,27.500000,0.000000,5,6,7,8,9,11,16,22,280,400,410,13228,0,5,6.320435697158385,1.867759999640839,408.26900100000785,0.0
1774038305,10,,Aggregated,27.700000,0.000000,5,6,7,8,9,11,16,22,280,400,410,13259,0,5,6.3188911366626686,1.867759999640839,408.26900100000785,0.0
1774038306,10,,Aggregated,27.500000,0.000000,5,6,7,8,9,11,16,22,280,400,410,13289,0,5,6.317227404922231,1.867759999640839,408.26900100000785,0.0
1774038307,10,,Aggregated,27.600000,0.000000,5,6,7,8,9,11,16,22,280,400,410,13317,0,5,6.317419753999464,1.867759999640839,408.26900100000785,0.0
1774038308,10,,Aggregated,28.100000,0.000000,5,6,7,8,9,11,16,22,280,400,410,13348,0,5,6.317107325517775,1.867759999640839,408.26900100000785,0.0
1774038309,10,,Aggregated,28.000000,0.000000,5,6,7,8,9,11,16,22,280,400,410,13372,0,5,6.315727735567631,1.867759999640839,408.26900100000785,0.0
1774038310,10,,Aggregated,28.000000,0.000000,5,6,7,8,9,11,16,22,280,400,410,13398,0,5,6.313838831393508,1.867759999640839,408.26900100000785,0.0
1774038311,10,,Aggregated,28.000000,0.000000,5,6,7,8,9,11,16,22,280,400,410,13425,0,5,6.310216019293167,1.867759999640839,408.26900100000785,0.0
1774038312,10,,Aggregated,28.100000,0.000000,5,6,7,8,9,11,16,22,280,400,410,13455,0,5,6.310321605351838,1.867759999640839,408.26900100000785,0.0
1774038313,10,,Aggregated,28.100000,0.000000,5,6,7,8,9,11,16,22,280,400,410,13483,0,5,6.314821811392831,1.867759999640839,408.26900100000785,0.0
1774038314,10,,Aggregated,28.300000,0.000000,5,6,7,8,9,11,16,22,280,400,410,13509,0,5,6.314609905027087,1.867759999640839,408.26900100000785,0.0
1774038315,10,,Aggregated,28.100000,0.000000,5,6,7,8,9,11,16,22,280,400,410,13538,0,5,6.312948727434738,1.867759999640839,408.26900100000785,0.0
1774038316,10,,Aggregated,27.900000,0.000000,5,6,7,8,9,11,16,22,280,400,410,13567,0,5,6.313232945456724,1.867759999640839,408.26900100000785,0.0
1774038317,10,,Aggregated,28.200000,0.000000,5,6,7,8,9,11,16,22,280,400,410,13593,0,5,6.310592429633703,1.867759999640839,408.26900100000785,0.0
1774038318,10,,Aggregated,27.800000,0.000000,5,6,7,8,9,11,16,22,280,400,410,13621,0,5,6.308894641143135,1.867759999640839,408.26900100000785,0.0
1774038319,10,,Aggregated,27.800000,0.000000,5,6,7,8,9,11,16,22,280,400,410,13652,0,5,6.3090853899070725,1.867759999640839,408.26900100000785,0.0
1774038320,10,,Aggregated,27.600000,0.000000,5,6,7,8,9,11,16,22,280,400,410,13681,0,5,6.310362799649868,1.867759999640839,408.26900100000785,0.0
1774038321,10,,Aggregated,27.800000,0.000000,5,6,7,8,9,11,16,22,280,400,410,13708,0,5,6.310954400715594,1.867759999640839,408.26900100000785,0.0
1774038322,10,,Aggregated,28.300000,0.000000,5,6,7,8,9,11,16,22,280,400,410,13741,0,5,6.308153022997555,1.867759999640839,408.26900100000785,0.0
1774038323,10,,Aggregated,28.000000,0.000000,5,6,7,8,9,11,16,22,280,400,410,13767,0,5,6.307717322583645,1.867759999640839,408.26900100000785,0.0
1774038324,10,,Aggregated,28.000000,0.000000,5,6,7,8,9,11,16,22,280,400,410,13794,0,5,6.304164346818199,1.867759999640839,408.26900100000785,0.0
1774038325,10,,Aggregated,28.600000,0.000000,5,6,7,8,9,11,16,22,280,400,410,13824,0,5,6.3006339113143826,1.867759999640839,408.26900100000785,0.0
1774038326,10,,Aggregated,28.600000,0.000000,5,6,7,8,9,11,16,22,280,400,410,13853,0,5,6.299005569263843,1.867759999640839,408.26900100000785,0.0
1774038327,10,,Aggregated,28.500000,0.000000,5,6,7,8,9,11,16,22,280,400,410,13880,0,5,6.298287923487859,1.867759999640839,408.26900100000785,0.0
1774038328,10,,Aggregated,28.600000,0.000000,5,6,7,8,9,11,16,22,280,400,410,13909,0,5,6.296356017903044,1.867759999640839,408.26900100000785,0.0
1774038329,10,,Aggregated,28.400000,0.000000,5,6,7,8,9,11,16,22,280,400,410,13938,0,5,6.295261428972151,1.867759999640839,408.26900100000785,0.0
1774038330,10,,Aggregated,28.600000,0.000000,5,6,7,8,9,11,16,22,280,400,410,13964,0,5,6.294685325695664,1.867759999640839,408.26900100000785,0.0
1774038331,10,,Aggregated,28.600000,0.000000,5,6,7,8,9,11,16,22,280,400,410,13994,0,5,6.2935087726179795,1.867759999640839,408.26900100000785,0.0
1774038332,10,,Aggregated,28.400000,0.000000,5,6,7,8,9,11,16,22,280,400,410,14020,0,5,6.29754587097107,1.867759999640839,408.26900100000785,0.0
1774038333,10,,Aggregated,28.300000,0.000000,5,6,7,8,9,11,16,22,280,400,410,14050,0,5,6.294379720499259,1.867759999640839,408.26900100000785,0.0
1774038334,10,,Aggregated,28.600000,0.000000,5,6,7,8,9,11,16,22,280,400,410,14075,0,5,6.292849031830491,1.867759999640839,408.26900100000785,0.0
1774038335,10,,Aggregated,27.900000,0.000000,5,6,7,8,9,11,16,22,280,400,410,14104,0,5,6.291187251418981,1.867759999640839,408.26900100000785,0.0
1774038336,10,,Aggregated,28.200000,0.000000,5,6,7,8,9,11,16,22,280,400,410,14135,0,5,6.28898659823227,1.867759999640839,408.26900100000785,0.0
1774038337,10,,Aggregated,27.900000,0.000000,5,6,7,8,9,11,16,22,280,400,410,14163,0,5,6.287532284262711,1.867759999640839,408.26900100000785,0.0
1774038338,10,,Aggregated,28.000000,0.000000,5,6,7,8,9,11,16,22,280,400,410,14192,0,5,6.28701469257413,1.867759999640839,408.26900100000785,0.0
1774038339,10,,Aggregated,28.200000,0.000000,5,6,7,8,9,11,16,22,280,400,410,14223,0,5,6.286791066231552,1.867759999640839,408.26900100000785,0.0
1774038340,10,,Aggregated,28.500000,0.000000,5,6,7,8,9,11,16,22,280,400,410,14250,0,5,6.285871241404238,1.867759999640839,408.26900100000785,0.0
1774038341,10,,Aggregated,28.100000,0.000000,5,6,7,8,9,11,16,22,280,400,410,14277,0,5,6.283205945927558,1.867759999640839,408.26900100000785,0.0
1774038342,10,,Aggregated,28.200000,0.000000,5,6,7,8,9,11,16,22,280,400,410,14303,0,5,6.282773956303295,1.867759999640839,408.26900100000785,0.0
1774038343,10,,Aggregated,28.400000,0.000000,5,6,7,8,9,12,16,22,280,400,410,14329,0,5,6.285178314258187,1.867759999640839,408.26900100000785,0.0
1774038344,10,,Aggregated,27.900000,0.000000,5,6,7,8,9,12,16,22,280,400,410,14358,0,5,6.284324102730464,1.867759999640839,408.26900100000785,0.0
1774038345,10,,Aggregated,28.000000,0.000000,5,6,7,8,9,11,16,22,280,400,410,14387,0,5,6.281411234586936,1.867759999640839,408.26900100000785,0.0
1774038346,10,,Aggregated,28.000000,0.000000,5,6,7,8,9,12,16,22,280,400,410,14414,0,5,6.282837939642233,1.867759999640839,408.26900100000785,0.0
1774038347,10,,Aggregated,28.600000,0.000000,5,6,7,8,9,11,16,22,280,400,410,14443,0,5,6.281112048328102,1.867759999640839,408.26900100000785,0.0
1774038348,10,,Aggregated,27.800000,0.000000,5,6,7,8,9,12,16,22,280,400,410,14473,0,5,6.279496742002575,1.867759999640839,408.26900100000785,0.0
1774038349,10,,Aggregated,28.100000,0.000000,5,6,7,8,9,11,16,22,280,400,410,14503,0,5,6.2794685414743565,1.867759999640839,408.26900100000785,0.0
1774038350,10,,Aggregated,27.800000,0.000000,5,6,7,8,9,12,16,22,280,400,410,14529,0,5,6.283148293069169,1.867759999640839,408.26900100000785,0.0
1774038351,10,,Aggregated,28.100000,0.000000,5,6,7,8,9,12,16,22,280,400,410,14556,0,5,6.283975474306308,1.867759999640839,408.26900100000785,0.0
1774038352,10,,Aggregated,28.000000,0.000000,5,6,7,8,9,12,16,22,280,400,410,14587,0,5,6.28280452793594,1.867759999640839,408.26900100000785,0.0
1774038353,10,,Aggregated,28.100000,0.000000,5,6,7,8,9,12,16,22,280,400,410,14612,0,5,6.280668620175331,1.867759999640839,408.26900100000785,0.0
1774038354,10,,Aggregated,28.000000,0.000000,5,6,7,8,9,12,16,22,280,400,410,14643,0,5,6.279097011541474,1.867759999640839,408.26900100000785,0.0
1774038355,10,,Aggregated,28.600000,0.000000,5,6,7,8,9,12,16,22,280,400,410,14671,0,5,6.2765534450278,1.867759999640839,408.26900100000785,0.0
1774038356,10,,Aggregated,28.200000,0.000000,5,6,7,8,9,12,16,22,280,400,410,14696,0,5,6.273760491222325,1.867759999640839,408.26900100000785,0.0
1774038357,10,,Aggregated,27.900000,0.000000,5,6,7,8,9,12,16,22,280,400,410,14725,0,5,6.271682842716679,1.867759999640839,408.26900100000785,0.0
1774038358,10,,Aggregated,28.400000,0.000000,5,6,7,8,9,12,16,22,280,400,410,14755,0,5,6.270660144019188,1.867759999640839,408.26900100000785,0.0
1774038359,10,,Aggregated,28.100000,0.000000,5,6,7,8,9,12,16,22,280,400,410,14782,0,5,6.2681982393453675,1.867759999640839,408.26900100000785,0.0
1774038360,10,,Aggregated,28.100000,0.000000,5,6,7,8,9,12,16,22,280,400,410,14810,0,5,6.269299634031308,1.867759999640839,408.26900100000785,0.0
1774038361,10,,Aggregated,28.200000,0.000000,5,6,7,8,9,12,16,22,280,400,410,14837,0,5,6.268425487160732,1.867759999640839,408.26900100000785,0.0
1774038362,10,,Aggregated,27.800000,0.000000,5,6,7,8,9,12,16,22,280,400,410,14867,0,5,6.26602324618294,1.867759999640839,408.26900100000785,0.0
1774038363,10,,Aggregated,27.900000,0.000000,5,6,7,8,9,12,16,22,280,400,410,14894,0,5,6.262400001544313,1.867759999640839,408.26900100000785,0.0
1774038364,10,,Aggregated,28.100000,0.000000,5,6,7,8,9,11,16,22,280,400,410,14921,0,5,6.2608424964144485,1.867759999640839,408.26900100000785,0.0
1774038365,10,,Aggregated,28.100000,0.000000,5,6,7,8,9,11,16,22,280,400,410,14951,0,5,6.260040496822917,1.867759999640839,408.26900100000785,0.0
1774038366,10,,Aggregated,28.000000,0.000000,5,6,7,8,9,11,16,22,280,400,410,14979,0,5,6.2598858019892205,1.867759999640839,408.26900100000785,0.0
1774038367,10,,Aggregated,28.000000,0.000000,5,6,7,8,9,12,16,22,270,400,410,15008,0,5,6.258960280250335,1.867759999640839,408.26900100000785,0.0
1774038368,10,,Aggregated,28.200000,0.000000,5,6,7,8,9,12,16,22,270,400,410,15037,0,5,6.255793282370067,1.867759999640839,408.26900100000785,0.0
1774038369,10,,Aggregated,28.000000,0.000000,5,6,7,8,9,11,16,22,270,400,410,15061,0,5,6.253600813823729,1.867759999640839,408.26900100000785,0.0
1774038370,10,,Aggregated,28.000000,0.000000,5,6,7,8,9,12,16,22,270,400,410,15090,0,5,6.253329996222662,1.867759999640839,408.26900100000785,0.0
1774038371,10,,Aggregated,28.000000,0.000000,5,6,7,8,9,12,16,22,270,400,410,15118,0,5,6.253345363672476,1.867759999640839,408.26900100000785,0.0
1774038372,10,,Aggregated,28.100000,0.000000,5,6,7,8,9,12,16,22,270,400,410,15148,0,5,6.255980936427263,1.867759999640839,408.26900100000785,0.0
1774038373,10,,Aggregated,28.100000,0.000000,5,6,7,8,9,12,16,22,270,400,410,15176,0,5,6.256698766077997,1.867759999640839,408.26900100000785,0.0
1774038374,10,,Aggregated,28.100000,0.000000,5,6,7,8,9,12,16,22,270,400,410,15206,0,5,6.254955548664885,1.867759999640839,408.26900100000785,0.0
1774038375,10,,Aggregated,27.400000,0.000000,5,6,7,8,9,12,16,22,270,400,410,15232,0,5,6.253990213235207,1.867759999640839,408.26900100000785,0.0
1774038376,10,,Aggregated,28.200000,0.000000,5,6,7,8,9,12,16,22,270,400,410,15260,0,5,6.253308411861009,1.867759999640839,408.26900100000785,0.0
1774038377,10,,Aggregated,28.000000,0.000000,5,6,7,8,9,12,16,22,270,400,410,15287,0,5,6.250642013344644,1.867759999640839,408.26900100000785,0.0
1774038378,10,,Aggregated,27.900000,0.000000,5,6,7,8,9,12,16,22,270,400,410,15315,0,5,6.249045830558244,1.867759999640839,408.26900100000785,0.0
1774038379,10,,Aggregated,27.900000,0.000000,5,6,7,8,9,12,16,22,270,400,410,15342,0,5,6.250812468843749,1.867759999640839,408.26900100000785,0.0
1774038380,10,,Aggregated,28.000000,0.000000,5,6,7,8,9,12,16,22,270,400,410,15371,0,5,6.2479041384426095,1.867759999640839,408.26900100000785,0.0
1774038381,10,,Aggregated,27.600000,0.000000,5,6,7,8,9,12,16,22,270,400,410,15399,0,5,6.2515614276901985,1.867759999640839,408.26900100000785,0.0
1774038382,10,,Aggregated,27.900000,0.000000,5,6,7,8,9,12,16,22,270,400,410,15428,0,5,6.249372377106714,1.867759999640839,408.26900100000785,0.0
1774038383,10,,Aggregated,28.000000,0.000000,5,6,7,8,9,12,16,22,270,400,410,15454,0,5,6.246942253591474,1.867759999640839,408.26900100000785,0.0
1774038384,10,,Aggregated,27.900000,0.000000,5,6,7,8,9,12,16,22,270,400,410,15479,0,5,6.245762951418318,1.867759999640839,408.26900100000785,0.0
1774038385,10,,Aggregated,28.400000,0.000000,5,6,7,8,9,12,16,22,270,400,410,15508,0,5,6.243497500903054,1.867759999640839,408.26900100000785,0.0
1774038386,10,,Aggregated,27.700000,0.000000,5,6,7,8,9,12,16,22,270,400,410,15535,0,5,6.2411573699390654,1.867759999640839,408.26900100000785,0.0
1774038387,10,,Aggregated,27.500000,0.000000,5,6,7,8,9,12,16,22,270,400,410,15560,0,5,6.239155610604374,1.867759999640839,408.26900100000785,0.0
1774038388,10,,Aggregated,27.800000,0.000000,5,6,7,8,9,12,16,22,270,400,410,15588,0,5,6.237137452399554,1.867759999640839,408.26900100000785,0.0
1774038389,10,,Aggregated,27.700000,0.000000,5,6,7,8,9,12,16,21,270,400,410,15613,0,5,6.23736017472641,1.867759999640839,408.26900100000785,0.0
1774038390,10,,Aggregated,27.400000,0.000000,5,6,7,8,9,12,16,21,270,400,410,15644,0,5,6.235060818844434,1.867759999640839,408.26900100000785,0.0
1774038391,10,,Aggregated,27.100000,0.000000,5,6,7,8,9,12,16,21,270,400,410,15671,0,5,6.235054119265103,1.867759999640839,408.26900100000785,0.0
1774038392,10,,Aggregated,27.200000,0.000000,5,6,7,8,9,12,16,21,270,400,410,15698,0,5,6.234241988406422,1.867759999640839,408.26900100000785,0.0
1774038393,10,,Aggregated,27.200000,0.000000,5,6,7,8,9,11,16,21,270,400,410,15730,0,5,6.23128712466649,1.867759999640839,408.26900100000785,0.0
1774038394,10,,Aggregated,27.300000,0.000000,5,6,7,8,9,12,16,21,270,400,410,15752,0,5,6.231190168931161,1.867759999640839,408.26900100000785,0.0
1774038395,10,,Aggregated,27.000000,0.000000,5,6,7,8,9,12,16,22,270,400,410,15782,0,5,6.244421043340778,1.867759999640839,408.26900100000785,0.0
1774038396,10,,Aggregated,27.000000,0.000000,5,6,7,8,9,12,16,22,270,400,410,15809,0,5,6.2433964090711145,1.867759999640839,408.26900100000785,0.0
1774038397,10,,Aggregated,27.300000,0.000000,5,6,7,8,9,12,16,22,270,400,410,15836,0,5,6.242951916393229,1.867759999640839,408.26900100000785,0.0
1774038398,10,,Aggregated,27.100000,0.000000,5,6,7,8,9,12,16,22,270,400,410,15863,0,5,6.242130090021037,1.867759999640839,408.26900100000785,0.0
1774038399,10,,Aggregated,27.300000,0.000000,5,6,7,8,9,12,16,22,270,400,410,15894,0,5,6.240519228702831,1.867759999640839,408.26900100000785,0.0
1774038400,10,,Aggregated,27.500000,0.000000,5,6,7,8,9,12,16,22,270,400,410,15924,0,5,6.240548693669961,1.867759999640839,408.26900100000785,0.0
1774038401,10,,Aggregated,27.800000,0.000000,5,6,7,8,9,12,16,22,270,400,410,15953,0,5,6.2395732118096925,1.867759999640839,408.26900100000785,0.0
1774038402,10,,Aggregated,27.900000,0.000000,5,6,7,8,9,12,16,22,270,400,410,15980,0,5,6.238199600813435,1.867759999640839,408.26900100000785,0.0
1774038403,10,,Aggregated,27.800000,0.000000,5,6,7,8,9,12,16,21,240,400,410,16009,0,5,6.234707143981362,1.867759999640839,408.26900100000785,0.0
1774038404,10,,Aggregated,28.000000,0.000000,5,6,7,8,9,12,16,21,240,400,410,16037,0,5,6.231972576853386,1.867759999640839,408.26900100000785,0.0
1774038405,10,,Aggregated,28.100000,0.000000,5,6,7,8,9,12,16,21,240,400,410,16063,0,5,6.230848247400624,1.867759999640839,408.26900100000785,0.0
1774038406,10,,Aggregated,28.100000,0.000000,5,6,7,8,9,12,16,21,240,400,410,16093,0,5,6.230628148201017,1.867759999640839,408.26900100000785,0.0
1774038407,10,,Aggregated,28.400000,0.000000,5,6,7,8,9,12,16,21,240,400,410,16120,0,5,6.2280798175556855,1.867759999640839,408.26900100000785,0.0
1774038408,10,,Aggregated,28.100000,0.000000,5,6,7,8,9,11,16,21,240,400,410,16148,0,5,6.226334794401623,1.867759999640839,408.26900100000785,0.0
1774038409,10,,Aggregated,28.200000,0.000000,5,6,7,8,9,11,16,21,240,400,410,16176,0,5,6.225940407084313,1.867759999640839,408.26900100000785,0.0
1774038410,10,,Aggregated,27.900000,0.000000,5,6,7,8,9,11,16,21,240,400,410,16205,0,5,6.2236804066643705,1.867759999640839,408.26900100000785,0.0
1774038411,10,,Aggregated,28.500000,0.000000,5,6,7,8,9,11,16,21,240,400,410,16232,0,5,6.223164897794298,1.867759999640839,408.26900100000785,0.0
1774038412,10,,Aggregated,28.400000,0.000000,5,6,7,8,9,11,16,21,240,400,410,16259,0,5,6.2219117940215325,1.867759999640839,408.26900100000785,0.0
1774038413,10,,Aggregated,28.000000,0.000000,5,6,7,8,9,11,16,21,240,400,410,16289,0,5,6.221321747620896,1.867759999640839,408.26900100000785,0.0
1774038414,10,,Aggregated,27.900000,0.000000,5,6,7,8,9,12,16,21,240,400,410,16316,0,5,6.221892921181435,1.867759999640839,408.26900100000785,0.0
1774038415,10,,Aggregated,28.100000,0.000000,5,6,7,8,9,12,16,21,240,400,410,16343,0,5,6.220239982499981,1.867759999640839,408.26900100000785,0.0
1774038416,10,,Aggregated,28.200000,0.000000,5,6,7,8,9,12,16,21,240,400,410,16373,0,5,6.220583018139398,1.867759999640839,408.26900100000785,0.0
1774038417,10,,Aggregated,27.900000,0.000000,5,6,7,8,9,12,16,21,240,400,410,16403,0,5,6.220957022739384,1.867759999640839,408.26900100000785,0.0
1774038418,10,,Aggregated,28.000000,0.000000,5,6,7,8,9,12,16,21,240,400,410,16431,0,5,6.2186339146731635,1.867759999640839,408.26900100000785,0.0
1774038419,10,,Aggregated,28.000000,0.000000,5,6,7,8,9,12,16,21,240,400,410,16462,0,5,6.218308639958406,1.867759999640839,408.26900100000785,0.0
1774038420,10,,Aggregated,28.500000,0.000000,5,6,7,8,9,12,16,21,240,400,410,16489,0,5,6.217044857177249,1.867759999640839,408.26900100000785,0.0
1774038421,10,,Aggregated,28.000000,0.000000,5,6,7,8,9,12,16,22,240,400,410,16517,0,5,6.244289932614623,1.867759999640839,408.26900100000785,0.0
1774038422,10,,Aggregated,28.000000,0.000000,5,6,7,8,9,12,16,22,240,400,410,16543,0,5,6.253243070240899,1.867759999640839,408.26900100000785,0.0
1774038423,10,,Aggregated,28.500000,0.000000,5,6,7,8,9,12,16,22,240,400,410,16573,0,5,6.251173711096071,1.867759999640839,408.26900100000785,0.0
1774038424,10,,Aggregated,28.200000,0.000000,5,6,7,8,9,12,16,22,240,400,410,16599,0,5,6.2511089168621154,1.867759999640839,408.26900100000785,0.0
