Method,Name,Error,Occurrences
FANOUT,K25,Exception('timeout_or_slo_miss: completed=4/25 errors=21 elapsed_ms=1003.0'),1
FANOUT,K25,Exception('timeout_or_slo_miss: completed=4/25 errors=21 elapsed_ms=1002.4'),4
FANOUT,K25,Exception('timeout_or_slo_miss: completed=11/25 errors=9 elapsed_ms=1138.0'),1
FANOUT,K25,Exception('timeout_or_slo_miss: completed=11/25 errors=8 elapsed_ms=1010.1'),1
FANOUT,K25,Exception('timeout_or_slo_miss: completed=6/25 errors=10 elapsed_ms=3456.2'),1
FANOUT,K25,Exception('timeout_or_slo_miss: completed=15/25 errors=5 elapsed_ms=1006.1'),1
FANOUT,K25,Exception('timeout_or_slo_miss: completed=2/25 errors=23 elapsed_ms=1002.9'),1
FANOUT,K25,Exception('timeout_or_slo_miss: completed=4/25 errors=21 elapsed_ms=1001.0'),1
FANOUT,K25,Exception('timeout_or_slo_miss: completed=15/25 errors=1 elapsed_ms=1614.9'),1
FANOUT,K25,Exception('timeout_or_slo_miss: completed=19/25 errors=0 elapsed_ms=1009.4'),1
FANOUT,K25,Exception('timeout_or_slo_miss: completed=3/25 errors=22 elapsed_ms=1003.6'),1
FANOUT,K25,Exception('timeout_or_slo_miss: completed=17/25 errors=0 elapsed_ms=1007.4'),1
FANOUT,K25,Exception('subread_error: completed=12/25 errors=13'),122
FANOUT,K25,Exception('subread_error: completed=17/25 errors=8'),433
FANOUT,K25,Exception('timeout_or_slo_miss: completed=3/25 errors=22 elapsed_ms=1002.5'),3
FANOUT,K25,Exception('timeout_or_slo_miss: completed=3/25 errors=22 elapsed_ms=1002.9'),1
FANOUT,K25,Exception('timeout_or_slo_miss: completed=3/25 errors=22 elapsed_ms=1001.9'),1
FANOUT,K25,Exception('timeout_or_slo_miss: completed=9/25 errors=0 elapsed_ms=1423.6'),1
FANOUT,K25,Exception('timeout_or_slo_miss: completed=8/25 errors=2 elapsed_ms=3370.7'),1
FANOUT,K25,Exception('timeout_or_slo_miss: completed=23/25 errors=0 elapsed_ms=1004.4'),1
FANOUT,K25,Exception('timeout_or_slo_miss: completed=4/25 errors=21 elapsed_ms=1003.4'),1
FANOUT,K25,Exception('timeout_or_slo_miss: completed=4/25 errors=21 elapsed_ms=1002.7'),2
FANOUT,K25,Exception('subread_error: completed=16/25 errors=9'),472
FANOUT,K25,Exception('timeout_or_slo_miss: completed=4/25 errors=21 elapsed_ms=1004.5'),1
FANOUT,K25,Exception('timeout_or_slo_miss: completed=10/25 errors=5 elapsed_ms=1058.0'),1
FANOUT,K25,Exception('timeout_or_slo_miss: completed=11/25 errors=0 elapsed_ms=1006.4'),1
FANOUT,K25,Exception('timeout_or_slo_miss: completed=4/25 errors=8 elapsed_ms=4314.0'),1
FANOUT,K25,Exception('timeout_or_slo_miss: completed=11/25 errors=7 elapsed_ms=1148.7'),1
FANOUT,K25,Exception('timeout_or_slo_miss: completed=0/25 errors=17 elapsed_ms=3734.4'),1
FANOUT,K25,Exception('timeout_or_slo_miss: completed=12/25 errors=0 elapsed_ms=2229.9'),1
FANOUT,K25,Exception('timeout_or_slo_miss: completed=4/25 errors=11 elapsed_ms=3965.0'),1
FANOUT,K25,Exception('subread_error: completed=9/25 errors=16'),226
FANOUT,K25,Exception('timeout_or_slo_miss: completed=2/25 errors=23 elapsed_ms=1002.1'),1
FANOUT,K25,Exception('timeout_or_slo_miss: completed=4/25 errors=21 elapsed_ms=1002.5'),1
FANOUT,K25,Exception('timeout_or_slo_miss: completed=21/25 errors=0 elapsed_ms=1004.9'),1
FANOUT,K25,Exception('timeout_or_slo_miss: completed=4/25 errors=21 elapsed_ms=1002.9'),4
FANOUT,K25,Exception('timeout_or_slo_miss: completed=11/25 errors=9 elapsed_ms=1008.6'),1
FANOUT,K25,Exception('timeout_or_slo_miss: completed=4/25 errors=21 elapsed_ms=1002.2'),4
FANOUT,K25,Exception('timeout_or_slo_miss: completed=6/25 errors=2 elapsed_ms=3436.7'),1
FANOUT,K25,Exception('timeout_or_slo_miss: completed=13/25 errors=6 elapsed_ms=1007.1'),1
FANOUT,K25,Exception('timeout_or_slo_miss: completed=20/25 errors=0 elapsed_ms=1007.0'),1
FANOUT,K25,Exception('timeout_or_slo_miss: completed=8/25 errors=0 elapsed_ms=1238.5'),1
FANOUT,K25,Exception('timeout_or_slo_miss: completed=4/25 errors=21 elapsed_ms=1001.9'),4
FANOUT,K25,Exception('timeout_or_slo_miss: completed=4/25 errors=21 elapsed_ms=1001.4'),1
FANOUT,K25,Exception('timeout_or_slo_miss: completed=7/25 errors=5 elapsed_ms=1052.8'),1
FANOUT,K25,Exception('timeout_or_slo_miss: completed=12/25 errors=0 elapsed_ms=1007.1'),1
FANOUT,K25,Exception('timeout_or_slo_miss: completed=22/25 errors=0 elapsed_ms=1004.7'),1
FANOUT,K25,Exception('timeout_or_slo_miss: completed=0/25 errors=13 elapsed_ms=3752.4'),1
FANOUT,K25,Exception('timeout_or_slo_miss: completed=3/25 errors=22 elapsed_ms=1002.1'),1
FANOUT,K25,Exception('timeout_or_slo_miss: completed=21/25 errors=1 elapsed_ms=1078.1'),1
FANOUT,K25,Exception('timeout_or_slo_miss: completed=2/25 errors=14 elapsed_ms=4570.5'),1
FANOUT,K25,Exception('timeout_or_slo_miss: completed=0/25 errors=14 elapsed_ms=3754.1'),1
FANOUT,K25,Exception('timeout_or_slo_miss: completed=1/25 errors=24 elapsed_ms=1002.6'),1
FANOUT,K25,Exception('timeout_or_slo_miss: completed=9/25 errors=2 elapsed_ms=3355.6'),1
FANOUT,K25,Exception('subread_error: completed=6/25 errors=19'),155
FANOUT,K25,Exception('timeout_or_slo_miss: completed=8/25 errors=0 elapsed_ms=1077.7'),1
FANOUT,K25,Exception('timeout_or_slo_miss: completed=15/25 errors=5 elapsed_ms=1004.8'),1
FANOUT,K25,Exception('timeout_or_slo_miss: completed=12/25 errors=8 elapsed_ms=1062.1'),1
FANOUT,K25,Exception('timeout_or_slo_miss: completed=3/25 errors=22 elapsed_ms=1006.7'),1
FANOUT,K25,Exception('timeout_or_slo_miss: completed=12/25 errors=1 elapsed_ms=2636.1'),1
FANOUT,K25,Exception('timeout_or_slo_miss: completed=12/25 errors=7 elapsed_ms=1042.2'),1
FANOUT,K25,Exception('timeout_or_slo_miss: completed=1/25 errors=13 elapsed_ms=4446.5'),1
FANOUT,K25,Exception('timeout_or_slo_miss: completed=3/25 errors=22 elapsed_ms=1001.4'),1
FANOUT,K25,Exception('timeout_or_slo_miss: completed=0/25 errors=17 elapsed_ms=3417.4'),1
FANOUT,K25,Exception('timeout_or_slo_miss: completed=3/25 errors=22 elapsed_ms=1003.8'),1
FANOUT,K25,Exception('subread_error: completed=5/25 errors=20'),100
FANOUT,K25,Exception('timeout_or_slo_miss: completed=3/25 errors=22 elapsed_ms=1002.2'),2
FANOUT,K25,Exception('timeout_or_slo_miss: completed=0/25 errors=16 elapsed_ms=2641.5'),1
FANOUT,K25,Exception('timeout_or_slo_miss: completed=2/25 errors=23 elapsed_ms=1003.8'),1
FANOUT,K25,Exception('subread_error: completed=20/25 errors=5'),173
FANOUT,K25,Exception('timeout_or_slo_miss: completed=13/25 errors=10 elapsed_ms=1010.4'),1
FANOUT,K25,Exception('timeout_or_slo_miss: completed=4/25 errors=21 elapsed_ms=1002.3'),3
FANOUT,K25,Exception('timeout_or_slo_miss: completed=2/25 errors=14 elapsed_ms=4400.1'),1
FANOUT,K25,Exception('subread_error: completed=7/25 errors=18'),183
FANOUT,K25,Exception('timeout_or_slo_miss: completed=0/25 errors=16 elapsed_ms=2999.7'),1
FANOUT,K25,Exception('timeout_or_slo_miss: completed=0/25 errors=19 elapsed_ms=3955.9'),1
FANOUT,K25,Exception('timeout_or_slo_miss: completed=13/25 errors=7 elapsed_ms=1026.9'),1
FANOUT,K25,Exception('timeout_or_slo_miss: completed=7/25 errors=3 elapsed_ms=2662.3'),1
FANOUT,K25,Exception('timeout_or_slo_miss: completed=15/25 errors=9 elapsed_ms=1006.9'),1
FANOUT,K25,Exception('timeout_or_slo_miss: completed=3/25 errors=22 elapsed_ms=1001.7'),1
FANOUT,K25,Exception('subread_error: completed=24/25 errors=1'),1
FANOUT,K25,Exception('timeout_or_slo_miss: completed=4/25 errors=21 elapsed_ms=1002.1'),2
FANOUT,K25,Exception('timeout_or_slo_miss: completed=13/25 errors=0 elapsed_ms=1056.8'),1
FANOUT,K25,Exception('timeout_or_slo_miss: completed=4/25 errors=21 elapsed_ms=1002.8'),2
FANOUT,K25,Exception('timeout_or_slo_miss: completed=15/25 errors=4 elapsed_ms=1005.9'),1
FANOUT,K25,Exception('timeout_or_slo_miss: completed=2/25 errors=23 elapsed_ms=1003.5'),1
FANOUT,K25,Exception('timeout_or_slo_miss: completed=15/25 errors=6 elapsed_ms=1005.8'),1
FANOUT,K25,Exception('subread_error: completed=8/25 errors=17'),210
FANOUT,K25,Exception('timeout_or_slo_miss: completed=7/25 errors=0 elapsed_ms=2162.1'),1
FANOUT,K25,Exception('subread_error: completed=19/25 errors=6'),288
FANOUT,K25,Exception('timeout_or_slo_miss: completed=0/25 errors=9 elapsed_ms=3817.0'),1
FANOUT,K25,Exception('timeout_or_slo_miss: completed=11/25 errors=0 elapsed_ms=1101.8'),1
FANOUT,K25,Exception('timeout_or_slo_miss: completed=16/25 errors=7 elapsed_ms=1011.4'),1
FANOUT,K25,Exception('timeout_or_slo_miss: completed=10/25 errors=0 elapsed_ms=1044.5'),1
FANOUT,K25,Exception('timeout_or_slo_miss: completed=2/25 errors=23 elapsed_ms=1001.7'),1
FANOUT,K25,Exception('timeout_or_slo_miss: completed=15/25 errors=0 elapsed_ms=1572.1'),1
FANOUT,K25,Exception('timeout_or_slo_miss: completed=2/25 errors=23 elapsed_ms=1001.6'),1
FANOUT,K25,Exception('timeout_or_slo_miss: completed=7/25 errors=5 elapsed_ms=1007.8'),1
FANOUT,K25,Exception('timeout_or_slo_miss: completed=4/25 errors=21 elapsed_ms=1003.3'),2
FANOUT,K25,Exception('timeout_or_slo_miss: completed=5/25 errors=0 elapsed_ms=1165.1'),1
FANOUT,K25,Exception('timeout_or_slo_miss: completed=3/25 errors=22 elapsed_ms=1002.3'),1
FANOUT,K25,Exception('timeout_or_slo_miss: completed=4/25 errors=21 elapsed_ms=1001.7'),1
FANOUT,K25,Exception('timeout_or_slo_miss: completed=5/25 errors=0 elapsed_ms=1103.5'),1
FANOUT,K25,Exception('subread_error: completed=10/25 errors=15'),182
FANOUT,K25,Exception('timeout_or_slo_miss: completed=3/25 errors=22 elapsed_ms=1002.7'),2
FANOUT,K25,Exception('subread_error: completed=21/25 errors=4'),90
FANOUT,K25,Exception('timeout_or_slo_miss: completed=15/25 errors=0 elapsed_ms=3810.6'),1
FANOUT,K25,Exception('subread_error: completed=11/25 errors=14'),145
FANOUT,K25,Exception('timeout_or_slo_miss: completed=23/25 errors=0 elapsed_ms=1005.5'),1
FANOUT,K25,Exception('timeout_or_slo_miss: completed=4/25 errors=21 elapsed_ms=1003.1'),1
FANOUT,K25,Exception('subread_error: completed=15/25 errors=10'),359
FANOUT,K25,Exception('timeout_or_slo_miss: completed=16/25 errors=7 elapsed_ms=1108.2'),1
FANOUT,K25,Exception('timeout_or_slo_miss: completed=3/25 errors=22 elapsed_ms=1008.9'),1
FANOUT,K25,Exception('timeout_or_slo_miss: completed=6/25 errors=0 elapsed_ms=1369.3'),1
FANOUT,K25,Exception('timeout_or_slo_miss: completed=5/25 errors=20 elapsed_ms=1003.5'),1
FANOUT,K25,Exception('timeout_or_slo_miss: completed=4/25 errors=21 elapsed_ms=1002.6'),1
FANOUT,K25,Exception('subread_error: completed=22/25 errors=3'),38
FANOUT,K25,Exception('subread_error: completed=18/25 errors=7'),415
FANOUT,K25,Exception('timeout_or_slo_miss: completed=21/25 errors=0 elapsed_ms=1005.3'),1
FANOUT,K25,Exception('timeout_or_slo_miss: completed=3/25 errors=22 elapsed_ms=1003.1'),2
FANOUT,K25,Exception('timeout_or_slo_miss: completed=21/25 errors=0 elapsed_ms=1994.4'),1
FANOUT,K25,Exception('subread_error: completed=14/25 errors=11'),229
FANOUT,K25,Exception('subread_error: completed=13/25 errors=12'),164
FANOUT,K25,Exception('timeout_or_slo_miss: completed=4/25 errors=21 elapsed_ms=1001.8'),1
FANOUT,K25,Exception('timeout_or_slo_miss: completed=9/25 errors=0 elapsed_ms=1169.2'),1
FANOUT,K25,Exception('subread_error: completed=23/25 errors=2'),5
